"Subject ID","Sex","Age","Description"
"002_S_0295","M","84.9","B1-Calibration Body"
"002_S_0295","M","84.9","B1-Calibration PA"
"002_S_0295","M","84.9","3-plane localizer"
"002_S_0295","M","84.9","3-plane localizer"
"002_S_0295","M","84.9","3-plane localizer"
"002_S_0295","M","84.9","MP-RAGE REPEAT"
"002_S_0295","M","84.9","MP-RAGE"
"002_S_0413","F","76.4","B1-Calibration PA"
"002_S_0413","F","76.4","B1-Calibration Body"
"002_S_0413","F","76.4","3-plane localizer"
"002_S_0413","F","76.4","3-plane localizer"
"002_S_0413","F","76.4","3-plane localizer"
"002_S_0413","F","76.4","3-plane localizer"
"002_S_0413","F","76.4","3-plane localizer"
"002_S_0413","F","76.4","3-plane localizer"
"002_S_0413","F","76.4","MP-RAGE"
"002_S_0413","F","76.4","MP-RAGE REPEAT"
"002_S_0413","F","76.4","MPRAGE_REPE"
"002_S_0413","F","76.4","MPRAGE SENS"
"002_S_0413","F","76.4","SURVEY"
"002_S_0413","F","76.4","SURVEY"
"002_S_0413","F","76.4","SURVEY"
"002_S_0559","M","79.4","B1-Calibration Body"
"002_S_0559","M","79.4","B1-Calibration PA"
"002_S_0559","M","79.4","3-plane localizer"
"002_S_0559","M","79.4","3-plane localizer"
"002_S_0559","M","79.4","3-plane localizer"
"002_S_0559","M","79.4","MP-RAGE"
"002_S_0559","M","79.4","MP-RAGE REPEAT"
"002_S_0559","M","79.5","MPRAGE SENS"
"002_S_0559","M","79.5","MPRAGE SENS"
"002_S_0559","M","79.5","SURVEY"
"002_S_0559","M","79.5","SURVEY"
"002_S_0559","M","79.5","SURVEY"
"002_S_0685","F","89.7","B1-Calibration PA"
"002_S_0685","F","89.7","B1-Calibration Body"
"002_S_0685","F","89.7","3-plane localizer"
"002_S_0685","F","89.7","3-plane localizer"
"002_S_0685","F","89.7","3-plane localizer"
"002_S_0685","F","89.7","MP-RAGE REPEAT"
"002_S_0685","F","89.7","MP-RAGE"
"002_S_1261","F","71.3","B1-Calibration Body"
"002_S_1261","F","71.3","B1-Calibration PA"
"002_S_1261","F","71.3","3-plane localizer"
"002_S_1261","F","71.3","3-plane localizer"
"002_S_1261","F","71.3","3-plane localizer"
"002_S_1261","F","71.3","MP-RAGE REPEAT"
"002_S_1261","F","71.3","MP-RAGE"
"002_S_1261","F","71.3","MPRAGE REPEAT"
"002_S_1261","F","71.3","MPRAGE"
"002_S_1261","F","71.3","SURVEY"
"002_S_1261","F","71.3","SURVEY"
"002_S_1261","F","71.3","SURVEY"
"002_S_1280","F","70.8","B1-Calibration PA"
"002_S_1280","F","70.8","B1-Calibration Body"
"002_S_1280","F","70.8","3-plane localizer"
"002_S_1280","F","70.8","3-plane localizer"
"002_S_1280","F","70.8","3-plane localizer"
"002_S_1280","F","70.8","MP-RAGE REPEAT"
"002_S_1280","F","70.8","MP-RAGE"
"002_S_1280","F","70.9","MPRAGE"
"002_S_1280","F","70.9","MPRAGE REPEAT"
"002_S_6007","F","76.8","Accelerated Sagittal MPRAGE"
"002_S_6007","F","76.8","Field Mapping"
"002_S_6009","M","67.6","Accelerated Sagittal MPRAGE"
"002_S_6009","M","67.6","Field Mapping"
"002_S_6030","F","65.2","Accelerated Sagittal MPRAGE"
"002_S_6030","F","65.2","Field Mapping"
"002_S_6053","M","65.7","Accelerated Sagittal MPRAGE"
"002_S_6053","M","65.7","Field Mapping"
"002_S_6066","F","68.4","Accelerated Sagittal MPRAGE"
"002_S_6066","F","68.4","Field Mapping"
"002_S_6103","F","70.0","Accelerated Sagittal MPRAGE"
"002_S_6103","F","70.0","Field Mapping"
"002_S_6404","M","66.1","Accelerated Sagittal MPRAGE"
"002_S_6404","M","66.1","Field Mapping"
"002_S_6456","M","86.4","Accelerated Sagittal MPRAGE"
"002_S_6456","M","86.4","Field Mapping"
"002_S_6680","M","64.3","Accelerated Sagittal MPRAGE"
"002_S_6680","M","64.3","Field Mapping"
"003_S_0907","F","88.8","B1-calibration Head"
"003_S_0907","F","88.8","B1-calibration Body"
"003_S_0907","F","88.8","MPRAGE"
"003_S_0907","F","88.8","MPRAGE Repeat"
"003_S_0907","F","88.8","Localizer"
"003_S_0907","F","88.8","Localizer"
"003_S_0907","F","88.8","Localizer"
"003_S_0931","F","86.2","B1-calibration Body"
"003_S_0931","F","86.2","B1-calibration Head"
"003_S_0931","F","86.2","MPRAGE"
"003_S_0931","F","86.2","MPRAGE Repeat"
"003_S_0981","F","84.4","B1-calibration Head"
"003_S_0981","F","84.4","B1-calibration Body"
"003_S_0981","F","84.4","MPRAGE"
"003_S_0981","F","84.4","MPRAGE Repeat"
"003_S_0981","F","84.4","Localizer"
"003_S_0981","F","84.4","Localizer"
"003_S_0981","F","84.4","Localizer"
"003_S_1021","F","87.0","B1-calibration Body"
"003_S_1021","F","87.0","B1-calibration Head"
"003_S_1021","F","87.0","MPRAGE"
"003_S_1021","F","87.0","MPRAGE Repeat"
"003_S_6014","M","67.1","Accelerated Sagittal MPRAGE"
"003_S_6014","M","67.1","Field Mapping"
"003_S_6067","F","63.1","Accelerated Sagittal MPRAGE"
"003_S_6067","F","63.1","Field Mapping"
"003_S_6092","F","64.8","Accelerated Sagittal MPRAGE"
"003_S_6092","F","64.8","Field Mapping"
"003_S_6092","F","64.8","3 Plane Localizer"
"003_S_6092","F","64.8","3 Plane Localizer"
"003_S_6092","F","64.8","3 Plane Localizer"
"003_S_6256","F","66.4","Accelerated Sagittal MPRAGE"
"003_S_6256","F","66.4","Field Mapping"
"003_S_6256","F","66.4","3 Plane Localizer"
"003_S_6256","F","66.4","3 Plane Localizer"
"003_S_6256","F","66.4","3 Plane Localizer"
"003_S_6257","M","62.1","Accelerated Sagittal MPRAGE"
"003_S_6257","M","62.1","Field Mapping"
"003_S_6257","M","62.1","3 Plane Localizer"
"003_S_6257","M","62.1","3 Plane Localizer"
"003_S_6257","M","62.1","3 Plane Localizer"
"003_S_6259","M","71.4","3 Plane Localizer"
"003_S_6259","M","71.4","3 Plane Localizer"
"003_S_6259","M","71.4","3 Plane Localizer"
"003_S_6259","M","71.4","Field Mapping"
"003_S_6259","M","71.4","Accelerated Sagittal MPRAGE"
"003_S_6260","M","69.0","Accelerated Sagittal MPRAGE"
"003_S_6260","M","69.0","3 Plane Localizer"
"003_S_6260","M","69.0","3 Plane Localizer"
"003_S_6260","M","69.0","3 Plane Localizer"
"003_S_6260","M","69.0","3 Plane Localizer"
"003_S_6260","M","69.0","3 Plane Localizer"
"003_S_6260","M","69.0","3 Plane Localizer"
"003_S_6260","M","69.0","Field Mapping"
"003_S_6307","M","76.3","Field Mapping"
"003_S_6307","M","76.3","3 Plane Localizer"
"003_S_6307","M","76.3","3 Plane Localizer"
"003_S_6307","M","76.3","3 Plane Localizer"
"003_S_6307","M","76.3","Accelerated Sagittal MPRAGE"
"003_S_6490","F","60.7","Accelerated Sagittal MPRAGE"
"003_S_6490","F","60.7","Field Mapping"
"003_S_6490","F","60.7","3 Plane Localizer"
"003_S_6490","F","60.7","3 Plane Localizer"
"003_S_6490","F","60.7","3 Plane Localizer"
"003_S_6644","M","86.1","Accelerated Sagittal MPRAGE"
"003_S_6644","M","86.1","3 Plane Localizer"
"003_S_6644","M","86.1","3 Plane Localizer"
"003_S_6644","M","86.1","3 Plane Localizer"
"003_S_6644","M","86.1","Field Mapping"
"003_S_6915","F","63.2","Accelerated Sagittal MPRAGE"
"003_S_6915","F","63.2","3 Plane Localizer"
"003_S_6915","F","63.2","3 Plane Localizer"
"003_S_6915","F","63.2","3 Plane Localizer"
"003_S_6915","F","63.2","Field Mapping"
"003_S_6924","F","60.2","3 Plane Localizer"
"003_S_6924","F","60.2","3 Plane Localizer"
"003_S_6924","F","60.2","3 Plane Localizer"
"003_S_6924","F","60.2","Accelerated Sagittal MPRAGE"
"003_S_6924","F","60.2","Field Mapping"
"003_S_6959","M","64.6","Accelerated Sagittal MPRAGE"
"003_S_6959","M","64.6","3 Plane Localizer"
"003_S_6959","M","64.6","3 Plane Localizer"
"003_S_6959","M","64.6","3 Plane Localizer"
"003_S_6959","M","64.6","Field Mapping"
"003_S_6996","F","64.6","Accelerated Sagittal MPRAGE"
"003_S_6996","F","64.6","3 Plane Localizer"
"003_S_6996","F","64.6","3 Plane Localizer"
"003_S_6996","F","64.6","3 Plane Localizer"
"003_S_6996","F","64.6","Field Mapping"
"003_S_7010","M","59.3","Accelerated Sagittal MPRAGE"
"003_S_7010","M","59.3","3 Plane Localizer"
"003_S_7010","M","59.3","3 Plane Localizer"
"003_S_7010","M","59.3","3 Plane Localizer"
"003_S_7010","M","59.3","Field Mapping"
"005_S_0223","F","78.1","B1-Calibration Body"
"005_S_0223","F","78.1","B1-Calibration PA"
"005_S_0223","F","78.1","3-plane localizer"
"005_S_0223","F","78.1","3-plane localizer"
"005_S_0223","F","78.1","3-plane localizer"
"005_S_0223","F","78.1","MP-RAGE"
"005_S_0223","F","78.1","MP-RAGE REPEAT"
"005_S_0553","M","84.8","B1-Calibration Body"
"005_S_0553","M","84.8","B1-Calibration PA"
"005_S_0553","M","84.8","3-plane localizer"
"005_S_0553","M","84.8","3-plane localizer"
"005_S_0553","M","84.8","3-plane localizer"
"005_S_0553","M","84.8","MP-RAGE REPEAT"
"005_S_0553","M","84.8","MP-RAGE"
"005_S_0553","M","84.9","B1-calibration Body"
"005_S_0553","M","84.9","B1-calibration PA"
"005_S_0553","M","84.9","3-plane localizer"
"005_S_0553","M","84.9","MP-RAGE"
"005_S_0553","M","84.9","MP-RAGE-REPEAT"
"005_S_0602","M","71.0","B1-Calibration PA"
"005_S_0602","M","71.0","B1-Calibration Body"
"005_S_0602","M","71.0","3-plane localizer"
"005_S_0602","M","71.0","3-plane localizer"
"005_S_0602","M","71.0","3-plane localizer"
"005_S_0602","M","71.0","MP-RAGE REPEAT"
"005_S_0602","M","71.0","MP-RAGE"
"005_S_0602","M","71.0","B1-calibration Body"
"005_S_0602","M","71.0","B1-calibration PA"
"005_S_0602","M","71.0","MP-RAGE-REPEAT"
"005_S_0602","M","71.0","MP-RAGE"
"005_S_0610","M","79.2","B1-Calibration Body"
"005_S_0610","M","79.2","B1-Calibration PA"
"005_S_0610","M","79.2","3-plane localizer"
"005_S_0610","M","79.2","3-plane localizer"
"005_S_0610","M","79.2","3-plane localizer"
"005_S_0610","M","79.2","MP-RAGE"
"005_S_0610","M","79.2","MP-RAGE REPEAT"
"005_S_6084","M","78.4","Calibration Scan"
"005_S_6084","M","78.4","3 Plane Localizer"
"005_S_6084","M","78.4","3 Plane Localizer"
"005_S_6084","M","78.4","3 Plane Localizer"
"005_S_6084","M","78.4","Accelerated Sagittal IR-FSPGR"
"005_S_6093","F","61.7","Calibration Scan"
"005_S_6093","F","61.7","3 Plane Localizer"
"005_S_6093","F","61.7","3 Plane Localizer"
"005_S_6093","F","61.7","3 Plane Localizer"
"005_S_6093","F","61.7","Accelerated Sagittal IR-FSPGR"
"006_S_0484","M","70.9","B1-Calibration PA"
"006_S_0484","M","70.9","B1-Calibration Body"
"006_S_0484","M","70.9","3-plane localizer"
"006_S_0484","M","70.9","3-plane localizer"
"006_S_0484","M","70.9","3-plane localizer"
"006_S_0484","M","70.9","3-plane localizer"
"006_S_0484","M","70.9","3-plane localizer"
"006_S_0484","M","70.9","3-plane localizer"
"006_S_0484","M","70.9","MP-RAGE"
"006_S_0484","M","70.9","MP-RAGE REPEAT"
"006_S_0484","M","71.1","3-plane localizer"
"006_S_0484","M","71.1","3-plane localizer"
"006_S_0484","M","71.1","3-plane localizer"
"006_S_0484","M","71.1","3-plane localizer"
"006_S_0484","M","71.1","3-plane localizer"
"006_S_0484","M","71.1","3-plane localizer"
"006_S_0484","M","71.1","MP-RAGE REPEAT"
"006_S_0484","M","71.1","MP-RAGE"
"006_S_0484","M","71.1","B1-Calibration Body"
"006_S_0484","M","71.1","B1-Calibration PA"
"006_S_0498","M","70.6","B1-Calibration PA"
"006_S_0498","M","70.6","B1-Calibration Body"
"006_S_0498","M","70.6","3-plane localizer"
"006_S_0498","M","70.6","3-plane localizer"
"006_S_0498","M","70.6","3-plane localizer"
"006_S_0498","M","70.6","MP-RAGE"
"006_S_0498","M","70.8","B1-Calibration PA"
"006_S_0498","M","70.8","3-plane localizer"
"006_S_0498","M","70.8","3-plane localizer"
"006_S_0498","M","70.8","3-plane localizer"
"006_S_0498","M","70.8","MP-RAGE"
"006_S_0498","M","70.8","MP-RAGE REPEAT"
"006_S_0498","M","70.8","*B1-Calibration Body"
"006_S_0498","M","70.8","*B1-Calibration PA"
"006_S_0681","F","77.1","3-plane localizer"
"006_S_0681","F","77.1","3-plane localizer"
"006_S_0681","F","77.1","3-plane localizer"
"006_S_0681","F","77.1","MP-RAGE REPEAT"
"006_S_0681","F","77.1","MP-RAGE"
"006_S_0681","F","77.1","B1-Calibration Body"
"006_S_0681","F","77.1","B1-Calibration PA"
"006_S_0731","M","71.7","B1-Calibration Body"
"006_S_0731","M","71.7","B1-Calibration PA"
"006_S_0731","M","71.7","3-plane localizer"
"006_S_0731","M","71.7","3-plane localizer"
"006_S_0731","M","71.7","3-plane localizer"
"006_S_0731","M","71.7","B1-Calibration Body"
"006_S_0731","M","71.7","MP-RAGE"
"006_S_0731","M","71.7","MP-RAGE REPEAT"
"006_S_6209","M","72.3","Axial Field Mapping"
"006_S_6209","M","72.3","Sagittal 3D Accelerated MPRAGE"
"006_S_6209","M","72.3","3 Plane Localizer"
"006_S_6209","M","72.3","3 Plane Localizer"
"006_S_6209","M","72.3","3 Plane Localizer"
"006_S_6234","F","70.6","Axial Field Mapping"
"006_S_6234","F","70.6","Sagittal 3D Accelerated MPRAGE"
"006_S_6234","F","70.6","3 Plane Localizer"
"006_S_6234","F","70.6","3 Plane Localizer"
"006_S_6234","F","70.6","3 Plane Localizer"
"006_S_6277","F","70.8","Axial Field Mapping"
"006_S_6277","F","70.8","Sagittal 3D Accelerated MPRAGE"
"006_S_6375","F","69.4","Axial Field Mapping"
"006_S_6375","F","69.4","Sagittal 3D Accelerated MPRAGE"
"006_S_6375","F","69.4","3 Plane Localizer"
"006_S_6375","F","69.4","3 Plane Localizer"
"006_S_6375","F","69.4","3 Plane Localizer"
"006_S_6500","M","66.9","Axial Field Mapping"
"006_S_6500","M","66.9","Sagittal 3D Accelerated MPRAGE"
"007_S_0068","F","74.6","3-plane localizer"
"007_S_0068","F","74.6","MP-RAGE"
"007_S_0068","F","74.6","MP-RAGE REPEAT"
"007_S_0068","F","74.6","B1-Calibration PA"
"007_S_0068","F","74.6","B1-Calibration Body"
"007_S_0070","M","74.0","3-plane localizer"
"007_S_0070","M","74.0","3-plane localizer"
"007_S_0070","M","74.0","3-plane localizer"
"007_S_0070","M","74.0","MP-RAGE"
"007_S_0070","M","74.0","MP-RAGE REPEAT"
"007_S_0070","M","74.0","B1-Calibration PA"
"007_S_0070","M","74.0","B1-Calibration Body"
"007_S_1206","M","73.0","3-plane localizer"
"007_S_1206","M","73.0","3-plane localizer"
"007_S_1206","M","73.0","3-plane localizer"
"007_S_1206","M","73.0","MP-RAGE"
"007_S_1206","M","73.0","MP-RAGE REPEAT"
"007_S_1206","M","73.0","B1-Calibration PA"
"007_S_1206","M","73.0","B1-Calibration Body"
"007_S_1206","M","73.0","B1-Calibration Body"
"007_S_1206","M","73.0","B1-Calibration PA"
"007_S_1206","M","73.0","3-plane localizer"
"007_S_1206","M","73.0","3-plane localizer"
"007_S_1206","M","73.0","3-plane localizer"
"007_S_1206","M","73.0","3-plane localizer"
"007_S_1206","M","73.0","3-plane localizer"
"007_S_1206","M","73.0","3-plane localizer"
"007_S_1206","M","73.0","MP-RAGE"
"007_S_1206","M","73.0","MP-RAGE REPEAT"
"007_S_1222","F","73.4","3-plane localizer"
"007_S_1222","F","73.4","3-plane localizer"
"007_S_1222","F","73.4","3-plane localizer"
"007_S_1222","F","73.4","MP-RAGE"
"007_S_1222","F","73.4","MP-RAGE REPEAT"
"007_S_1222","F","73.4","B1-Calibration PA"
"007_S_1222","F","73.4","B1-Calibration Body"
"007_S_1222","F","73.5","3-plane localizer"
"007_S_1222","F","73.5","3-plane localizer"
"007_S_1222","F","73.5","3-plane localizer"
"007_S_1222","F","73.5","MP-RAGE"
"007_S_1222","F","73.5","MP-RAGE REPEAT"
"007_S_1222","F","73.5","B1-Calibration PA"
"007_S_1222","F","73.5","B1-Calibration Body"
"007_S_6120","M","67.8","Accelerated Sagittal MPRAGE"
"007_S_6120","M","67.8","Field Mapping"
"007_S_6120","M","67.8","3 Plane Localizer"
"007_S_6120","M","67.8","3 Plane Localizer"
"007_S_6120","M","67.8","3 Plane Localizer"
"007_S_6255","F","75.3","Accelerated Sagittal MPRAGE"
"007_S_6255","F","75.3","Field Mapping"
"007_S_6255","F","75.3","3 Plane Localizer"
"007_S_6255","F","75.3","3 Plane Localizer"
"007_S_6255","F","75.3","3 Plane Localizer"
"007_S_6310","F","67.2","Accelerated Sagittal MPRAGE"
"007_S_6310","F","67.2","Field Mapping"
"007_S_6310","F","67.2","3 Plane Localizer"
"007_S_6310","F","67.2","3 Plane Localizer"
"007_S_6310","F","67.2","3 Plane Localizer"
"007_S_6323","M","66.2","Accelerated Sagittal MPRAGE"
"007_S_6323","M","66.2","Field Mapping"
"007_S_6323","M","66.2","3 Plane Localizer"
"007_S_6323","M","66.2","3 Plane Localizer"
"007_S_6323","M","66.2","3 Plane Localizer"
"007_S_6455","F","68.0","Accelerated Sagittal MPRAGE"
"007_S_6455","F","68.0","Field Mapping"
"007_S_6455","F","68.0","3 Plane Localizer"
"007_S_6455","F","68.0","3 Plane Localizer"
"007_S_6455","F","68.0","3 Plane Localizer"
"007_S_6515","F","89.9","Accelerated Sagittal MPRAGE"
"007_S_6515","F","89.9","Field Mapping"
"007_S_6515","F","89.9","3 Plane Localizer"
"007_S_6515","F","89.9","3 Plane Localizer"
"007_S_6515","F","89.9","3 Plane Localizer"
"007_S_6521","F","66.4","Accelerated Sagittal MPRAGE"
"007_S_6521","F","66.4","Field Mapping"
"007_S_6521","F","66.4","3 Plane Localizer"
"007_S_6521","F","66.4","3 Plane Localizer"
"007_S_6521","F","66.4","3 Plane Localizer"
"009_S_0751","M","70.9","MP RAGE"
"009_S_0751","M","70.9","MP RAGE REPEAT"
"009_S_0842","M","73.7","MP RAGE"
"009_S_0842","M","73.7","MP RAGE REPEAT"
"009_S_0862","F","73.5","MP RAGE"
"009_S_0862","F","73.5","MP RAGE REPEAT"
"009_S_0862","F","73.5","MP RAGE REPEAT"
"009_S_6163","M","68.2","3 Plane Localizer"
"009_S_6163","M","68.2","3 Plane Localizer"
"009_S_6163","M","68.2","3 Plane Localizer"
"009_S_6163","M","68.2","Accelerated Sag IR-FSPGR"
"009_S_6212","F","71.4","3 Plane Localizer"
"009_S_6212","F","71.4","3 Plane Localizer"
"009_S_6212","F","71.4","3 Plane Localizer"
"009_S_6212","F","71.4","Accelerated Sag IR-FSPGR"
"009_S_6286","F","70.9","3 Plane Localizer"
"009_S_6286","F","70.9","3 Plane Localizer"
"009_S_6286","F","70.9","3 Plane Localizer"
"009_S_6286","F","70.9","Accelerated Sag IR-FSPGR"
"010_S_0067","M","74.6","ADNI       MPRAGE"
"010_S_0067","M","74.6","ADNI       MPRAGE"
"010_S_0067","M","74.6","ADNI       Survey"
"010_S_0067","M","74.6","ADNI       Survey"
"010_S_0067","M","74.6","ADNI       Survey"
"010_S_0067","M","74.6","ADNI       Survey"
"010_S_0067","M","74.6","ADNI       Survey"
"010_S_0067","M","74.6","ADNI       Survey"
"010_S_0419","M","70.3","ADNI       Survey"
"010_S_0419","M","70.3","ADNI       Survey"
"010_S_0419","M","70.3","ADNI       Survey"
"010_S_0419","M","70.3","ADNI       MPRAGE"
"010_S_0419","M","70.3","ADNI       MPRAGE"
"010_S_0420","M","73.6","MPRAGE"
"010_S_0420","M","73.6","MPRAGE"
"010_S_0420","M","73.6","Survey"
"010_S_0420","M","73.6","Survey"
"010_S_0420","M","73.6","Survey"
"010_S_0472","M","72.1","MPRAGE SENS"
"010_S_0472","M","72.1","MPRAGE SENS"
"010_S_0472","M","72.1","Survey"
"010_S_0472","M","72.1","Survey"
"010_S_0472","M","72.1","Survey"
"010_S_0472","M","72.5","MPRAGE"
"010_S_0472","M","72.5","MPRAGE"
"010_S_0472","M","72.5","Survey"
"010_S_0472","M","72.5","Survey"
"010_S_0472","M","72.5","Survey"
"010_S_6567","M","61.0","Calibration Scan"
"010_S_6567","M","61.0","3 Plane Localizer"
"010_S_6567","M","61.0","3 Plane Localizer"
"010_S_6567","M","61.0","3 Plane Localizer"
"010_S_6567","M","61.0","Accelerated Sag IR-FSPGR"
"011_S_0002","M","74.5","B1-calibration Body"
"011_S_0002","M","74.5","B1-calibration Head"
"011_S_0002","M","74.5","MPRAGE Repeat"
"011_S_0002","M","74.5","MPRAGE"
"011_S_0002","M","74.5","Localizer"
"011_S_0002","M","74.5","Localizer"
"011_S_0002","M","74.5","Localizer"
"011_S_0005","M","73.8","B1-calibration Body"
"011_S_0005","M","73.8","B1-calibration Head"
"011_S_0005","M","73.8","MPRAGE Repeat"
"011_S_0005","M","73.8","MPRAGE"
"011_S_0005","M","73.8","Localizer"
"011_S_0005","M","73.8","Localizer"
"011_S_0005","M","73.8","Localizer"
"011_S_0008","F","84.6","B1-calibration Body"
"011_S_0008","F","84.6","B1-calibration Body"
"011_S_0008","F","84.6","B1-calibration Head"
"011_S_0008","F","84.6","MPRAGE Repeat"
"011_S_0008","F","84.6","MPRAGE"
"011_S_0008","F","84.6","Localizer"
"011_S_0008","F","84.6","Localizer"
"011_S_0008","F","84.6","Localizer"
"011_S_0016","M","65.5","B1-calibration Body"
"011_S_0016","M","65.5","B1-calibration Head"
"011_S_0016","M","65.5","MPRAGE"
"011_S_0016","M","65.5","MPRAGE Repeat"
"011_S_0016","M","65.5","Localizer"
"011_S_0016","M","65.5","Localizer"
"011_S_0016","M","65.5","Localizer"
"011_S_0021","F","72.7","B1-calibration Body"
"011_S_0021","F","72.7","B1-calibration Head"
"011_S_0021","F","72.7","MPRAGE Repeat"
"011_S_0021","F","72.7","MPRAGE"
"011_S_0021","F","72.7","Localizer"
"011_S_0021","F","72.7","Localizer"
"011_S_0021","F","72.7","Localizer"
"011_S_0022","M","63.3","B1-calibration Body"
"011_S_0022","M","63.3","B1-calibration Head"
"011_S_0022","M","63.3","MPRAGE"
"011_S_0022","M","63.3","MPRAGE Repeat"
"011_S_0022","M","63.3","Localizer"
"011_S_0022","M","63.3","Localizer"
"011_S_0022","M","63.3","Localizer"
"011_S_0023","M","71.9","Localizer"
"011_S_0023","M","71.9","Localizer"
"011_S_0023","M","71.9","Localizer"
"011_S_0023","M","71.9","Localizer"
"011_S_0023","M","71.9","Localizer"
"011_S_0023","M","71.9","Localizer"
"011_S_0023","M","71.9","MPRAGE Repeat"
"011_S_0023","M","71.9","MPRAGE"
"011_S_0023","M","71.9","B1-calibration Head"
"011_S_0023","M","71.9","B1-calibration Body"
"011_S_6367","F","81.2","Accelerated Sagittal MPRAGE"
"011_S_6367","F","81.2","Field Mapping"
"011_S_6367","F","81.2","3 Plane Localizer"
"011_S_6367","F","81.2","3 Plane Localizer"
"011_S_6367","F","81.2","3 Plane Localizer"
"011_S_6418","M","66.7","Accelerated Sagittal MPRAGE"
"011_S_6418","M","66.7","Field Mapping"
"011_S_6418","M","66.7","3 Plane Localizer"
"011_S_6418","M","66.7","3 Plane Localizer"
"011_S_6418","M","66.7","3 Plane Localizer"
"011_S_6465","M","66.8","Accelerated Sagittal MPRAGE"
"011_S_6465","M","66.8","Field Mapping"
"011_S_6465","M","66.8","3 Plane Localizer"
"011_S_6465","M","66.8","3 Plane Localizer"
"011_S_6465","M","66.8","3 Plane Localizer"
"011_S_6714","F","63.4","Accelerated Sagittal MPRAGE"
"011_S_6714","F","63.4","Field Mapping"
"011_S_6714","F","63.4","3 Plane Localizer"
"011_S_6714","F","63.4","3 Plane Localizer"
"011_S_6714","F","63.4","3 Plane Localizer"
"011_S_7028","F","65.4","Accelerated Sagittal MPRAGE"
"011_S_7028","F","65.4","Field Mapping"
"011_S_7028","F","65.4","3 Plane Localizer"
"011_S_7028","F","65.4","3 Plane Localizer"
"011_S_7028","F","65.4","3 Plane Localizer"
"011_S_7048","F","61.8","Accelerated Sagittal MPRAGE"
"011_S_7048","F","61.8","Field Mapping"
"011_S_7048","F","61.8","3 Plane Localizer"
"011_S_7048","F","61.8","3 Plane Localizer"
"011_S_7048","F","61.8","3 Plane Localizer"
"011_S_7112","M","57.4","Accelerated Sagittal MPRAGE"
"011_S_7112","M","57.4","Field Mapping"
"011_S_7112","M","57.4","3 Plane Localizer"
"011_S_7112","M","57.4","3 Plane Localizer"
"011_S_7112","M","57.4","3 Plane Localizer"
"012_S_0637","F","76.2","MPRAGE SENS"
"012_S_0637","F","76.2","MPRAGE SENS"
"012_S_0637","F","76.2","SURVEY"
"012_S_0637","F","76.2","SURVEY"
"012_S_0637","F","76.2","SURVEY"
"012_S_0637","F","76.2","SURVEY"
"012_S_0637","F","76.2","SURVEY"
"012_S_0637","F","76.2","SURVEY"
"012_S_1009","M","75.9","MPRAGE"
"012_S_1009","M","75.9","MPRAGE"
"012_S_1009","M","75.9","SURVEY"
"012_S_1009","M","75.9","SURVEY"
"012_S_1009","M","75.9","SURVEY"
"012_S_1009","M","75.9","ADNI       MPRAGEadni2B"
"012_S_1009","M","75.9","ADNI       MPRAGEadni2"
"012_S_1009","M","75.9","ADNI       SURVEYadni"
"012_S_1009","M","75.9","ADNI       SURVEYadni"
"012_S_1009","M","75.9","ADNI       SURVEYadni"
"012_S_1133","F","80.0","MPRAGE"
"012_S_1133","F","80.0","MPRAGE"
"012_S_1133","F","80.0","SURVEY"
"012_S_1133","F","80.0","SURVEY"
"012_S_1133","F","80.0","SURVEY"
"012_S_1212","F","75.4","MPRAGE"
"012_S_1212","F","75.4","MPRAGE"
"012_S_1212","F","75.4","SURVEY"
"012_S_1212","F","75.4","SURVEY"
"012_S_1212","F","75.4","SURVEY"
"012_S_1212","F","75.4","ADNI       MPRAGEadni2"
"012_S_1212","F","75.4","ADNI       MPRAGEadni2"
"012_S_1212","F","75.4","ADNI       SURVEYadni"
"012_S_1212","F","75.4","ADNI       SURVEYadni"
"012_S_1212","F","75.4","ADNI       SURVEYadni"
"012_S_1212","F","75.4","ADNI       SURVEYadni"
"012_S_1212","F","75.4","ADNI       SURVEYadni"
"012_S_1212","F","75.4","ADNI       SURVEYadni"
"013_S_0502","M","75.1","B1-calibration Head"
"013_S_0502","M","75.1","B1-calibration Body"
"013_S_0502","M","75.1","MPRAGE Repeat"
"013_S_0502","M","75.1","MPRAGE"
"013_S_0502","M","75.1","Localizer"
"013_S_0502","M","75.1","Localizer"
"013_S_0502","M","75.1","Localizer"
"013_S_0502","M","75.1","Localizer"
"013_S_0502","M","75.1","Localizer"
"013_S_0502","M","75.1","Localizer"
"013_S_0502","M","75.1","Localizer"
"013_S_0502","M","75.1","Localizer"
"013_S_0502","M","75.1","Localizer"
"013_S_0575","F","86.5","B1-calibration Head"
"013_S_0575","F","86.5","B1-calibration Body"
"013_S_0575","F","86.5","MPRAGE"
"013_S_0575","F","86.5","MPRAGE Repeat"
"013_S_0575","F","86.5","Localizer"
"013_S_0575","F","86.5","Localizer"
"013_S_0575","F","86.5","Localizer"
"013_S_1035","M","87.3","B1-calibration Body"
"013_S_1035","M","87.3","B1-calibration Head"
"013_S_1035","M","87.3","MPRAGE Repeat"
"013_S_1035","M","87.3","MPRAGE"
"013_S_1035","M","87.3","Localizer"
"013_S_1035","M","87.3","Localizer"
"013_S_1035","M","87.3","Localizer"
"013_S_1035","M","87.3","Localizer"
"013_S_1035","M","87.3","Localizer"
"013_S_1035","M","87.3","Localizer"
"013_S_1035","M","87.3","Localizer"
"013_S_1035","M","87.3","Localizer"
"013_S_1035","M","87.3","Localizer"
"013_S_1035","M","87.4","MPRAGE REPEAT"
"013_S_1035","M","87.4","MPRAGE"
"013_S_1276","F","71.9","B1-calibration Head"
"013_S_1276","F","71.9","B1-calibration Body"
"013_S_1276","F","71.9","MPRAGE"
"013_S_1276","F","71.9","MPRAGE REPEAT"
"013_S_1276","F","71.9","Localizer"
"013_S_1276","F","71.9","Localizer"
"013_S_1276","F","71.9","Localizer"
"013_S_1276","F","71.9","Localizer"
"013_S_1276","F","71.9","Localizer"
"013_S_1276","F","71.9","Localizer"
"013_S_1276","F","72.0","MPRAGE repeat"
"013_S_1276","F","72.0","MPRAGE"
"013_S_6780","F","63.4","3 Plane Localizer"
"013_S_6780","F","63.4","3 Plane Localizer"
"013_S_6780","F","63.4","3 Plane Localizer"
"013_S_6780","F","63.4","Accelerated Sagittal MPRAGE"
"013_S_6780","F","63.4","Accelerated Sagittal MPRAGE_ND"
"013_S_6780","F","63.4","Field_Mapping"
"013_S_7103","F","58.0","3 Plane Localizer"
"013_S_7103","F","58.0","3 Plane Localizer"
"013_S_7103","F","58.0","3 Plane Localizer"
"013_S_7103","F","58.0","Accelerated Sagittal MPRAGE_ND"
"013_S_7103","F","58.0","Accelerated Sagittal MPRAGE"
"013_S_7103","F","58.0","Field_Mapping"
"014_S_0519","M","74.2","B1-Calibration Body"
"014_S_0519","M","74.2","B1-Calibration PA"
"014_S_0519","M","74.2","3-plane localizer"
"014_S_0519","M","74.2","MP-RAGE"
"014_S_0519","M","74.2","MP-RAGE REPEAT"
"014_S_0520","F","77.8","B1-Calibration PA"
"014_S_0520","F","77.8","B1-Calibration Body"
"014_S_0520","F","77.8","3-plane localizer"
"014_S_0520","F","77.8","MP-RAGE REPEAT"
"014_S_0520","F","77.8","MP-RAGE"
"014_S_0548","F","73.8","B1-Calibration PA"
"014_S_0548","F","73.8","B1-Calibration Body"
"014_S_0548","F","73.8","3-plane localizer"
"014_S_0548","F","73.8","3-plane localizer"
"014_S_0548","F","73.8","MP-RAGE REPEAT"
"014_S_0548","F","73.8","MP-RAGE"
"014_S_0558","M","80.0","B1-Calibration Body"
"014_S_0558","M","80.0","B1-Calibration PA"
"014_S_0558","M","80.0","3-plane localizer"
"014_S_0558","M","80.0","MP-RAGE"
"014_S_0558","M","80.0","MP-RAGE REPEAT"
"014_S_6076","F","58.7","3 Plane Localizer"
"014_S_6076","F","58.7","3 Plane Localizer"
"014_S_6076","F","58.7","3 Plane Localizer"
"014_S_6076","F","58.7","Accelerated Sagittal MPRAGE"
"014_S_6076","F","58.7","Accelerated Sagittal MPRAGE_ND"
"014_S_6076","F","58.7","Field Mapping"
"014_S_6145","F","70.3","3 Plane Localizer"
"014_S_6145","F","70.3","3 Plane Localizer"
"014_S_6145","F","70.3","3 Plane Localizer"
"014_S_6145","F","70.3","Accelerated Sagittal MPRAGE"
"014_S_6145","F","70.3","Accelerated Sagittal MPRAGE_ND"
"014_S_6145","F","70.3","Field Mapping"
"014_S_6148","F","78.5","3 Plane Localizer"
"014_S_6148","F","78.5","3 Plane Localizer"
"014_S_6148","F","78.5","3 Plane Localizer"
"014_S_6148","F","78.5","Accelerated Sagittal MPRAGE"
"014_S_6148","F","78.5","Accelerated Sagittal MPRAGE_ND"
"014_S_6148","F","78.5","Field Mapping"
"014_S_6199","M","69.2","3 Plane Localizer"
"014_S_6199","M","69.2","3 Plane Localizer"
"014_S_6199","M","69.2","3 Plane Localizer"
"014_S_6199","M","69.2","Accelerated Sagittal MPRAGE_ND"
"014_S_6199","M","69.2","Accelerated Sagittal MPRAGE"
"014_S_6199","M","69.2","Field Mapping"
"014_S_6210","F","66.7","3 Plane Localizer"
"014_S_6210","F","66.7","3 Plane Localizer"
"014_S_6210","F","66.7","3 Plane Localizer"
"014_S_6210","F","66.7","Accelerated Sagittal MPRAGE_ND"
"014_S_6210","F","66.7","Accelerated Sagittal MPRAGE"
"014_S_6210","F","66.7","Field Mapping"
"014_S_6366","M","58.7","3 Plane Localizer"
"014_S_6366","M","58.7","3 Plane Localizer"
"014_S_6366","M","58.7","3 Plane Localizer"
"014_S_6366","M","58.7","Accelerated Sagittal MPRAGE_ND"
"014_S_6366","M","58.7","Accelerated Sagittal MPRAGE"
"014_S_6366","M","58.7","Field Mapping"
"014_S_6424","F","66.0","3 Plane Localizer"
"014_S_6424","F","66.0","3 Plane Localizer"
"014_S_6424","F","66.0","3 Plane Localizer"
"014_S_6424","F","66.0","Accelerated Sagittal MPRAGE"
"014_S_6424","F","66.0","Accelerated Sagittal MPRAGE_ND"
"014_S_6424","F","66.0","Field Mapping"
"014_S_6437","M","76.5","3 Plane Localizer"
"014_S_6437","M","76.5","3 Plane Localizer"
"014_S_6437","M","76.5","3 Plane Localizer"
"014_S_6437","M","76.5","Accelerated Sagittal MPRAGE"
"014_S_6437","M","76.5","Accelerated Sagittal MPRAGE_ND"
"014_S_6437","M","76.5","Field Mapping"
"014_S_6502","F","66.9","3 Plane Localizer"
"014_S_6502","F","66.9","3 Plane Localizer"
"014_S_6502","F","66.9","3 Plane Localizer"
"014_S_6502","F","66.9","Accelerated Sagittal MPRAGE"
"014_S_6502","F","66.9","Accelerated Sagittal MPRAGE_ND"
"014_S_6502","F","66.9","Field Mapping"
"014_S_6522","M","71.3","3 Plane Localizer"
"014_S_6522","M","71.3","3 Plane Localizer"
"014_S_6522","M","71.3","3 Plane Localizer"
"014_S_6522","M","71.3","Accelerated Sagittal MPRAGE_ND"
"014_S_6522","M","71.3","Accelerated Sagittal MPRAGE"
"014_S_6522","M","71.3","Field Mapping"
"014_S_6831","F","76.3","3 Plane Localizer"
"014_S_6831","F","76.3","3 Plane Localizer"
"014_S_6831","F","76.3","3 Plane Localizer"
"014_S_6831","F","76.3","Accelerated Sagittal MPRAGE"
"014_S_6831","F","76.3","Accelerated Sagittal MPRAGE_ND"
"014_S_6831","F","76.3","Field Mapping"
"014_S_6920","F","65.4","3 Plane Localizer"
"014_S_6920","F","65.4","3 Plane Localizer"
"014_S_6920","F","65.4","3 Plane Localizer"
"014_S_6920","F","65.4","Accelerated Sagittal MPRAGE_ND"
"014_S_6920","F","65.4","Accelerated Sagittal MPRAGE"
"014_S_6920","F","65.4","Field Mapping"
"014_S_6935","F","70.4","3 Plane Localizer"
"014_S_6935","F","70.4","3 Plane Localizer"
"014_S_6935","F","70.4","3 Plane Localizer"
"014_S_6935","F","70.4","Accelerated Sagittal MPRAGE"
"014_S_6935","F","70.4","Accelerated Sagittal MPRAGE_ND"
"014_S_6935","F","70.4","Field Mapping"
"014_S_6988","F","83.3","3 Plane Localizer"
"014_S_6988","F","83.3","3 Plane Localizer"
"014_S_6988","F","83.3","3 Plane Localizer"
"014_S_6988","F","83.3","Accelerated Sagittal MPRAGE_ND"
"014_S_6988","F","83.3","Accelerated Sagittal MPRAGE"
"014_S_6988","F","83.3","Field Mapping"
"014_S_7072","F","62.7","Field Mapping"
"014_S_7072","F","62.7","3 Plane Localizer"
"014_S_7072","F","62.7","3 Plane Localizer"
"014_S_7072","F","62.7","3 Plane Localizer"
"014_S_7072","F","62.7","Accelerated Sagittal MPRAGE_ND"
"014_S_7072","F","62.7","Accelerated Sagittal MPRAGE"
"014_S_7080","F","57.3","Accelerated Sagittal MPRAGE"
"014_S_7080","F","57.3","Field Mapping"
"014_S_7080","F","57.3","3 Plane Localizer"
"014_S_7080","F","57.3","3 Plane Localizer"
"014_S_7080","F","57.3","3 Plane Localizer"
"014_S_7080","F","57.3","Accelerated Sagittal MPRAGE_ND"
"016_S_0359","F","81.4","B1-calibration Head"
"016_S_0359","F","81.4","B1-calibration Body"
"016_S_0359","F","81.4","MPRAGE Repeat"
"016_S_0359","F","81.4","MPRAGE"
"016_S_0359","F","81.4","localizer"
"016_S_0359","F","81.4","localizer"
"016_S_0359","F","81.4","localizer"
"016_S_0359","F","81.4","localizer"
"016_S_0359","F","81.4","localizer"
"016_S_0359","F","81.4","localizer"
"016_S_0538","M","83.0","B1-calibration Body"
"016_S_0538","M","83.0","B1-calibration Head"
"016_S_0538","M","83.0","MPRAGE Repeat"
"016_S_0538","M","83.0","MPRAGE"
"016_S_0538","M","83.0","localizer"
"016_S_0538","M","83.0","localizer"
"016_S_0538","M","83.0","localizer"
"016_S_0538","M","83.0","localizer"
"016_S_0538","M","83.0","localizer"
"016_S_0538","M","83.0","localizer"
"016_S_0538","M","83.0","localizer"
"016_S_0538","M","83.0","localizer"
"016_S_0538","M","83.0","localizer"
"016_S_0538","M","83.3","B1-calibration Body"
"016_S_0538","M","83.3","B1-calibration Head"
"016_S_0538","M","83.3","MPRAGE Repeat"
"016_S_0538","M","83.3","MPRAGE"
"016_S_0538","M","83.3","localizer"
"016_S_0538","M","83.3","localizer"
"016_S_0538","M","83.3","localizer"
"016_S_6381","M","73.3","Accelerated Sagittal MPRAGE"
"016_S_6381","M","73.3","Field Mapping"
"016_S_6381","M","73.3","3 Plane Localizer"
"016_S_6381","M","73.3","3 Plane Localizer"
"016_S_6381","M","73.3","3 Plane Localizer"
"016_S_6773","F","55.1","Accelerated Sagittal MPRAGE"
"016_S_6773","F","55.1","Field Mapping"
"016_S_6773","F","55.1","3 Plane Localizer"
"016_S_6773","F","55.1","3 Plane Localizer"
"016_S_6773","F","55.1","3 Plane Localizer"
"016_S_6802","F","63.3","AAHead_Scout"
"016_S_6802","F","63.3","AAHead_Scout_MPR_sag"
"016_S_6802","F","63.3","Accelerated Sagittal MPRAGE"
"016_S_6802","F","63.3","Field Mapping"
"016_S_6802","F","63.3","3 Plane Localizer"
"016_S_6802","F","63.3","3 Plane Localizer"
"016_S_6802","F","63.3","3 Plane Localizer"
"016_S_6802","F","63.3","3 Plane Localizer"
"016_S_6802","F","63.3","3 Plane Localizer"
"016_S_6802","F","63.3","3 Plane Localizer"
"016_S_6834","F","82.3","Accelerated Sagittal MPRAGE"
"016_S_6834","F","82.3","Field Mapping"
"016_S_6834","F","82.3","3 Plane Localizer"
"016_S_6834","F","82.3","3 Plane Localizer"
"016_S_6834","F","82.3","3 Plane Localizer"
"016_S_6853","F","67.0","Accelerated Sagittal MPRAGE"
"016_S_6853","F","67.0","Field Mapping"
"016_S_6853","F","67.0","3 Plane Localizer"
"016_S_6853","F","67.0","3 Plane Localizer"
"016_S_6853","F","67.0","3 Plane Localizer"
"016_S_6892","F","65.7","3 Plane Localizer"
"016_S_6892","F","65.7","3 Plane Localizer"
"016_S_6892","F","65.7","3 Plane Localizer"
"016_S_6892","F","65.7","Field Mapping"
"016_S_6892","F","65.7","Accelerated Sagittal MPRAGE"
"016_S_6892","F","65.7","3 Plane Localizer"
"016_S_6892","F","65.7","3 Plane Localizer"
"016_S_6892","F","65.7","3 Plane Localizer"
"016_S_6931","M","72.7","3 Plane Localizer"
"016_S_6931","M","72.7","3 Plane Localizer"
"016_S_6931","M","72.7","3 Plane Localizer"
"016_S_6931","M","72.7","Field Mapping"
"016_S_6931","M","72.7","Accelerated Sagittal MPRAGE"
"016_S_6934","M","67.0","3 Plane Localizer"
"016_S_6934","M","67.0","3 Plane Localizer"
"016_S_6934","M","67.0","3 Plane Localizer"
"016_S_6934","M","67.0","Accelerated Sagittal MPRAGE"
"016_S_6934","M","67.0","Field Mapping"
"016_S_6941","M","62.2","Accelerated Sagittal MPRAGE"
"016_S_6941","M","62.2","Field Mapping"
"016_S_6941","M","62.2","3 Plane Localizer"
"016_S_6941","M","62.2","3 Plane Localizer"
"016_S_6941","M","62.2","3 Plane Localizer"
"016_S_6943","M","75.2","3 Plane Localizer"
"016_S_6943","M","75.2","3 Plane Localizer"
"016_S_6943","M","75.2","3 Plane Localizer"
"016_S_6943","M","75.2","Field Mapping"
"016_S_6943","M","75.2","Accelerated Sagittal MPRAGE"
"016_S_6971","M","72.6","3 Plane Localizer"
"016_S_6971","M","72.6","3 Plane Localizer"
"016_S_6971","M","72.6","3 Plane Localizer"
"016_S_6971","M","72.6","Field Mapping"
"016_S_6971","M","72.6","3 Plane Localizer"
"016_S_6971","M","72.6","3 Plane Localizer"
"016_S_6971","M","72.6","3 Plane Localizer"
"016_S_6971","M","72.6","Accelerated Sagittal MPRAGE"
"018_S_0043","M","76.4","ADNI       MPRAGE-1.2*"
"018_S_0043","M","76.4","ADNI       MPRAGE-1.2*"
"018_S_0043","M","76.4","ADNI       Survey"
"018_S_0043","M","76.4","ADNI       Survey"
"018_S_0043","M","76.4","ADNI       Survey"
"018_S_0055","M","75.7","ADNI       MPRAGE-1.2*"
"018_S_0369","M","76.1","MPRAGE SENS"
"018_S_0369","M","76.1","MPRAGE SENS"
"018_S_0369","M","76.1","Survey"
"018_S_0369","M","76.1","Survey"
"018_S_0369","M","76.1","Survey"
"018_S_0369","M","76.2","MPRAGE"
"018_S_0369","M","76.2","MPRAGE"
"018_S_0425","M","85.9","MPRAGE SENS"
"018_S_0425","M","85.9","MPRAGE SENS"
"018_S_0425","M","86.0","MPRAGE"
"018_S_0425","M","86.0","MPRAGE"
"018_S_6207","F","70.9","Axial Field Mapping"
"018_S_6207","F","70.9","Sagittal 3D Accelerated MPRAGE"
"018_S_6207","F","70.9","3 Plane Localizer"
"018_S_6351","F","74.2","Axial Field Mapping"
"018_S_6351","F","74.2","Sagittal 3D Accelerated MPRAGE"
"018_S_6351","F","74.2","3 Plane Localizer"
"019_S_6186","M","90.3","Axial Field Mapping straight"
"019_S_6186","M","90.3","Sagittal 3D Accelerated MPRAGE"
"019_S_6186","M","90.3","3 Plane Localizer"
"019_S_6186","M","90.3","3 Plane Localizer"
"019_S_6186","M","90.3","3 Plane Localizer"
"020_S_0097","F","72.9","B1-calibration Body"
"020_S_0097","F","72.9","B1-calibration Head"
"020_S_0097","F","72.9","MPRAGE"
"020_S_0097","F","72.9","MPRAGE Repeat"
"020_S_0097","F","72.9","localizer"
"020_S_0097","F","72.9","localizer"
"020_S_0097","F","72.9","localizer"
"020_S_0883","F","76.1","B1-calibration Head"
"020_S_0883","F","76.1","B1-calibration Body"
"020_S_0883","F","76.1","MPRAGE"
"020_S_0883","F","76.1","MPRAGE"
"020_S_0899","F","80.2","B1-calibration Body"
"020_S_0899","F","80.2","B1-calibration Head"
"020_S_0899","F","80.2","MPRAGE"
"020_S_0899","F","80.2","MPRAGE Repeat"
"020_S_1288","M","60.0","B1-calibration Body"
"020_S_1288","M","60.0","B1-calibration Head"
"020_S_1288","M","60.0","MPRAGE Repeat"
"020_S_1288","M","60.0","MPRAGE"
"020_S_1288","M","60.1","B1-calibration Head"
"020_S_1288","M","60.1","B1-calibration Body"
"020_S_1288","M","60.1","MPRAGE"
"020_S_1288","M","60.1","MPRAGE Repeat"
"020_S_6185","M","82.7","SCOUT"
"020_S_6185","M","82.7","SCOUT"
"020_S_6185","M","82.7","SCOUT"
"020_S_6185","M","82.7","Accelerated Sagittal MPRAGE"
"020_S_6185","M","82.7","Field Mapping"
"020_S_6227","F","62.1","SCOUT"
"020_S_6227","F","62.1","SCOUT"
"020_S_6227","F","62.1","SCOUT"
"020_S_6227","F","62.1","Accelerated Sagittal MPRAGE"
"020_S_6227","F","62.1","Field Mapping"
"020_S_6282","M","75.5","SCOUT"
"020_S_6282","M","75.5","SCOUT"
"020_S_6282","M","75.5","SCOUT"
"020_S_6282","M","75.5","Accelerated Sagittal MPRAGE"
"020_S_6282","M","75.5","Field Mapping"
"020_S_6358","M","75.3","SCOUT"
"020_S_6358","M","75.3","SCOUT"
"020_S_6358","M","75.3","SCOUT"
"020_S_6358","M","75.3","Accelerated Sagittal MPRAGE"
"020_S_6358","M","75.3","Field Mapping"
"020_S_6449","F","65.9","SCOUT"
"020_S_6449","F","65.9","SCOUT"
"020_S_6449","F","65.9","SCOUT"
"020_S_6449","F","65.9","Accelerated Sagittal MPRAGE"
"020_S_6449","F","65.9","Field Mapping"
"020_S_6470","M","69.0","SCOUT"
"020_S_6470","M","69.0","SCOUT"
"020_S_6470","M","69.0","SCOUT"
"020_S_6470","M","69.0","Accelerated Sagittal MPRAGE"
"020_S_6470","M","69.0","Field Mapping"
"020_S_6504","M","68.8","Accelerated Sagittal MPRAGE"
"020_S_6504","M","68.8","Field Mapping"
"020_S_6513","F","66.1","SCOUT"
"020_S_6513","F","66.1","SCOUT"
"020_S_6513","F","66.1","SCOUT"
"020_S_6513","F","66.1","Accelerated Sagittal MPRAGE"
"020_S_6513","F","66.1","Field Mapping"
"020_S_6566","M","72.9","SCOUT"
"020_S_6566","M","72.9","SCOUT"
"020_S_6566","M","72.9","SCOUT"
"020_S_6566","M","72.9","Accelerated Sagittal MPRAGE"
"020_S_6566","M","72.9","Field Mapping"
"020_S_7098","F","66.9","Accelerated Sagittal MPRAGE"
"020_S_7098","F","66.9","Field Mapping"
"021_S_0159","F","78.0","MP-RAGE"
"021_S_0159","F","78.0","MP-RAGE REPEAT"
"021_S_0337","M","75.9","3-plane localizer"
"021_S_0337","M","75.9","MP-RAGE REPEAT"
"021_S_0337","M","75.9","MP-RAGE"
"021_S_0647","M","72.9","3-plane localizer"
"021_S_0647","M","72.9","MP-RAGE"
"021_S_0647","M","72.9","MP-RAGE REPEAT"
"021_S_0984","M","76.7","MP-RAGE"
"021_S_0984","M","76.7","MP-RAGE REPEAT"
"021_S_6312","M","80.3","Accelerated Sag IR-FSPGR"
"021_S_6312","M","80.3","3 Plane Localizer"
"021_S_6312","M","80.3","3 Plane Localizer"
"021_S_6312","M","80.3","3 Plane Localizer"
"021_S_6896","M","64.8","Calibration Scan"
"021_S_6896","M","64.8","3 Plane Localizer"
"021_S_6896","M","64.8","3 Plane Localizer"
"021_S_6896","M","64.8","3 Plane Localizer"
"021_S_6896","M","64.8","Accelerated Sag IR-FSPGR"
"021_S_6910","F","76.6","3 Plane Localizer"
"021_S_6910","F","76.6","3 Plane Localizer"
"021_S_6910","F","76.6","3 Plane Localizer"
"021_S_6910","F","76.6","Accelerated Sag IR-FSPGR"
"021_S_6914","M","70.0","Calibration Scan"
"021_S_6914","M","70.0","3 Plane Localizer"
"021_S_6914","M","70.0","3 Plane Localizer"
"021_S_6914","M","70.0","3 Plane Localizer"
"021_S_6914","M","70.0","Accelerated Sag IR-FSPGR"
"021_S_6918","M","57.5","3 Plane Localizer"
"021_S_6918","M","57.5","3 Plane Localizer"
"021_S_6918","M","57.5","3 Plane Localizer"
"021_S_6918","M","57.5","Accelerated Sag IR-FSPGR"
"021_S_6940","M","72.4","3 Plane Localizer"
"021_S_6940","M","72.4","3 Plane Localizer"
"021_S_6940","M","72.4","3 Plane Localizer"
"021_S_6940","M","72.4","Accelerated Sag IR-FSPGR"
"021_S_6987","F","65.5","3 Plane Localizer"
"021_S_6987","F","65.5","3 Plane Localizer"
"021_S_6987","F","65.5","3 Plane Localizer"
"021_S_6987","F","65.5","Accelerated Sag IR-FSPGR"
"021_S_6994","F","61.5","Calibration Scan"
"021_S_6994","F","61.5","3 Plane Localizer"
"021_S_6994","F","61.5","3 Plane Localizer"
"021_S_6994","F","61.5","3 Plane Localizer"
"021_S_6994","F","61.5","Accelerated Sag IR-FSPGR"
"021_S_7045","F","68.4","3 Plane Localizer"
"021_S_7045","F","68.4","3 Plane Localizer"
"021_S_7045","F","68.4","3 Plane Localizer"
"021_S_7045","F","68.4","Accelerated Sag IR-FSPGR"
"021_S_7045","F","68.4","ORIG Accelerated Sag IR-FSPGR"
"021_S_7055","M","69.9","3 Plane Localizer"
"021_S_7055","M","69.9","3 Plane Localizer"
"021_S_7055","M","69.9","3 Plane Localizer"
"021_S_7055","M","69.9","ORIG Accelerated Sag IR-FSPGR"
"021_S_7055","M","69.9","Accelerated Sag IR-FSPGR"
"021_S_7062","F","69.5","3 Plane Localizer"
"021_S_7062","F","69.5","3 Plane Localizer"
"021_S_7062","F","69.5","3 Plane Localizer"
"021_S_7062","F","69.5","3 Plane Localizer"
"021_S_7062","F","69.5","3 Plane Localizer"
"021_S_7062","F","69.5","3 Plane Localizer"
"021_S_7062","F","69.5","3 Plane Localizer"
"021_S_7062","F","69.5","3 Plane Localizer"
"021_S_7062","F","69.5","3 Plane Localizer"
"021_S_7062","F","69.5","ORIG Accelerated Sag IR-FSPGR"
"021_S_7062","F","69.5","Accelerated Sag IR-FSPGR"
"021_S_7092","M","68.6","3 Plane Localizer"
"021_S_7092","M","68.6","3 Plane Localizer"
"021_S_7092","M","68.6","3 Plane Localizer"
"021_S_7092","M","68.6","ORIG Accelerated Sag IR-FSPGR"
"021_S_7092","M","68.6","Accelerated Sag IR-FSPGR"
"022_S_0014","F","78.6","B1-calibration Head"
"022_S_0014","F","78.6","B1-calibration Body"
"022_S_0014","F","78.6","MPRAGE Repeat"
"022_S_0014","F","78.6","MPRAGE"
"022_S_0014","F","78.6","localizer"
"022_S_0014","F","78.6","localizer"
"022_S_0014","F","78.6","localizer"
"022_S_0066","M","74.6","B1-calibration Head"
"022_S_0066","M","74.6","B1-calibration Body"
"022_S_0066","M","74.6","MPRAGE Repeat"
"022_S_0066","M","74.6","MPRAGE"
"022_S_0066","M","74.6","localizer"
"022_S_0066","M","74.6","localizer"
"022_S_0066","M","74.6","localizer"
"022_S_0066","M","74.6","localizer"
"022_S_0066","M","74.6","localizer"
"022_S_0066","M","74.6","localizer"
"022_S_0066","M","74.6","localizer"
"022_S_0066","M","74.6","localizer"
"022_S_0066","M","74.6","localizer"
"022_S_0096","M","79.8","B1-calibration Body"
"022_S_0096","M","79.8","B1-calibration Head"
"022_S_0096","M","79.8","MPRAGE Repeat"
"022_S_0096","M","79.8","MPRAGE"
"022_S_0096","M","79.8","localizer"
"022_S_0096","M","79.8","localizer"
"022_S_0096","M","79.8","localizer"
"022_S_0096","M","79.8","localizer"
"022_S_0096","M","79.8","localizer"
"022_S_0096","M","79.8","localizer"
"022_S_0130","M","73.2","B1-calibration Head"
"022_S_0130","M","73.2","B1-calibration Body"
"022_S_0130","M","73.2","MPRAGE Repeat"
"022_S_0130","M","73.2","MPRAGE"
"022_S_6069","F","73.6","3 Plane Localizer"
"022_S_6069","F","73.6","3 Plane Localizer"
"022_S_6069","F","73.6","3 Plane Localizer"
"022_S_6069","F","73.6","Accelerated Sagittal MPRAGE"
"022_S_6069","F","73.6","Accelerated Sagittal MPRAGE_ND"
"022_S_6069","F","73.6","Field Mapping"
"022_S_6797","F","67.2","Accelerated Sagittal MPRAGE"
"022_S_6797","F","67.2","Field Mapping"
"022_S_6797","F","67.2","3 Plane Localizer"
"022_S_6797","F","67.2","3 Plane Localizer"
"022_S_6797","F","67.2","3 Plane Localizer"
"022_S_6822","F","61.7","Accelerated Sagittal MPRAGE"
"022_S_6822","F","61.7","Field Mapping"
"022_S_6822","F","61.7","3 Plane Localizer"
"022_S_6822","F","61.7","3 Plane Localizer"
"022_S_6822","F","61.7","3 Plane Localizer"
"023_S_0031","F","77.8","B1-calibration Head"
"023_S_0031","F","77.8","B1-calibration Body"
"023_S_0031","F","77.8","Axial PD-T2 TSE"
"023_S_0031","F","77.8","Axial PD-T2 TSE"
"023_S_0031","F","77.8","MPRAGE Repeat"
"023_S_0031","F","77.8","MPRAGE"
"023_S_0031","F","77.8","localizer"
"023_S_0031","F","77.8","localizer"
"023_S_0031","F","77.8","localizer"
"023_S_0031","F","77.9","Localizer"
"023_S_0031","F","77.9","Localizer"
"023_S_0031","F","77.9","Localizer"
"023_S_0031","F","77.9","MPRAGE Repeat"
"023_S_0031","F","77.9","MPRAGE"
"023_S_0031","F","77.9","B1-calibration Head"
"023_S_0031","F","77.9","B1-calibration Body"
"023_S_0058","M","70.2","B1-calibration Head"
"023_S_0058","M","70.2","B1-calibration Body"
"023_S_0058","M","70.2","MPRAGE Repeat"
"023_S_0058","M","70.2","MPRAGE"
"023_S_0058","M","70.2","localizer"
"023_S_0058","M","70.2","localizer"
"023_S_0058","M","70.2","localizer"
"023_S_0058","M","70.2","B1-calibration Body"
"023_S_0058","M","70.2","B1-calibration Head"
"023_S_0058","M","70.2","MPRAGE"
"023_S_0058","M","70.2","MPRAGE Repeat"
"023_S_0058","M","70.2","Localizer"
"023_S_0058","M","70.2","Localizer"
"023_S_0058","M","70.2","Localizer"
"023_S_0061","F","77.2","B1-calibration Head"
"023_S_0061","F","77.2","B1-calibration Body"
"023_S_0061","F","77.2","MPRAGE"
"023_S_0061","F","77.2","MPRAGE Repeat"
"023_S_0061","F","77.2","localizer"
"023_S_0061","F","77.2","localizer"
"023_S_0061","F","77.2","localizer"
"023_S_0061","F","77.3","B1-calibration Body"
"023_S_0061","F","77.3","B1-calibration Head"
"023_S_0061","F","77.3","MPRAGE"
"023_S_0061","F","77.3","MPRAGE Repeat"
"023_S_0061","F","77.3","Localizer"
"023_S_0061","F","77.3","Localizer"
"023_S_0061","F","77.3","Localizer"
"023_S_0081","M","70.7","B1-calibration Head"
"023_S_0081","M","70.7","B1-calibration Body"
"023_S_0081","M","70.7","MPRAGE Repeat"
"023_S_0081","M","70.7","MPRAGE"
"023_S_0081","M","70.7","localizer"
"023_S_0081","M","70.7","localizer"
"023_S_0081","M","70.7","localizer"
"023_S_0926","F","71.2","B1-calibration Body"
"023_S_0926","F","71.2","B1-calibration Head"
"023_S_0926","F","71.2","MPRAGE"
"023_S_0926","F","71.2","MPRAGE Repeat"
"023_S_0926","F","71.3","B1-calibration Head"
"023_S_0926","F","71.3","B1-calibration Body"
"023_S_0926","F","71.3","MPRAGE Repeat"
"023_S_0926","F","71.3","MPRAGE"
"023_S_0963","M","72.6","B1-calibration Body"
"023_S_0963","M","72.6","B1-calibration Head"
"023_S_0963","M","72.6","MPRAGE Repeat"
"023_S_0963","M","72.6","MPRAGE"
"023_S_0963","M","72.7","B1-calibration Body"
"023_S_0963","M","72.7","B1-calibration Head"
"023_S_0963","M","72.7","MPRAGE Repeat"
"023_S_0963","M","72.7","MPRAGE"
"023_S_1190","F","76.6","B1-calibration Head"
"023_S_1190","F","76.6","B1-calibration Body"
"023_S_1190","F","76.6","MPRAGE Repeat"
"023_S_1190","F","76.6","MPRAGE"
"023_S_1190","F","76.7","B1-calibration Body"
"023_S_1190","F","76.7","B1-calibration Head"
"023_S_1190","F","76.7","MPRAGE"
"023_S_1190","F","76.7","MPRAGE Repeat"
"023_S_1306","F","74.6","B1-calibration Head"
"023_S_1306","F","74.6","B1-calibration Body"
"023_S_1306","F","74.6","MPRAGE"
"023_S_1306","F","74.6","MPRAGE Repeat"
"023_S_6270","M","56.2","Accelerated Sagittal MPRAGE"
"023_S_6270","M","56.2","3 Plane Localizer"
"023_S_6270","M","56.2","3 Plane Localizer"
"023_S_6270","M","56.2","3 Plane Localizer"
"023_S_6346","M","67.0","Field Mapping"
"023_S_6346","M","67.0","Accelerated Sagittal MPRAGE"
"023_S_6346","M","67.0","3 Plane Localizer"
"023_S_6346","M","67.0","3 Plane Localizer"
"023_S_6346","M","67.0","3 Plane Localizer"
"023_S_6374","F","64.2","Field Mapping"
"023_S_6374","F","64.2","Accelerated Sagittal MPRAGE"
"023_S_6374","F","64.2","3 Plane Localizer"
"023_S_6374","F","64.2","3 Plane Localizer"
"023_S_6374","F","64.2","3 Plane Localizer"
"023_S_6399","F","64.1","Field Mapping"
"023_S_6399","F","64.1","Accelerated Sagittal MPRAGE"
"023_S_6399","F","64.1","3 Plane Localizer"
"023_S_6399","F","64.1","3 Plane Localizer"
"023_S_6399","F","64.1","3 Plane Localizer"
"023_S_6400","F","64.3","Accelerated Sagittal MPRAGE"
"023_S_6400","F","64.3","Field Mapping"
"023_S_6400","F","64.3","3 Plane Localizer"
"023_S_6400","F","64.3","3 Plane Localizer"
"023_S_6400","F","64.3","3 Plane Localizer"
"023_S_6547","F","67.0","Accelerated Sagittal MPRAGE"
"023_S_6547","F","67.0","Field Mapping"
"023_S_6547","F","67.0","3 Plane Localizer"
"023_S_6547","F","67.0","3 Plane Localizer"
"023_S_6547","F","67.0","3 Plane Localizer"
"023_S_6795","F","68.2","Accelerated Sagittal MPRAGE"
"023_S_6795","F","68.2","Field Mapping"
"023_S_6795","F","68.2","3 Plane Localizer"
"023_S_6795","F","68.2","3 Plane Localizer"
"023_S_6795","F","68.2","3 Plane Localizer"
"024_S_0985","M","79.8","B1-Calibration Body"
"024_S_0985","M","79.8","B1-Calibration PA"
"024_S_0985","M","79.8","3-plane localizer"
"024_S_0985","M","79.8","3-plane localizer"
"024_S_0985","M","79.8","3-plane localizer"
"024_S_0985","M","79.8","MP-RAGE"
"024_S_0985","M","79.8","MP-RAGE REPEAT"
"024_S_1063","F","78.5","B1-Calibration PA"
"024_S_1063","F","78.5","B1-Calibration Body"
"024_S_1063","F","78.5","3-plane localizer"
"024_S_1063","F","78.5","3-plane localizer"
"024_S_1063","F","78.5","3-plane localizer"
"024_S_1063","F","78.5","3-plane localizer"
"024_S_1063","F","78.5","3-plane localizer"
"024_S_1063","F","78.5","3-plane localizer"
"024_S_1063","F","78.5","MP-RAGE REPEAT"
"024_S_1063","F","78.5","MP-RAGE"
"024_S_6005","F","67.5","Accelerated Sagittal MPRAGE"
"024_S_6005","F","67.5","Field Mapping"
"024_S_6005","F","67.5","3 Plane Localizer"
"024_S_6005","F","67.5","3 Plane Localizer"
"024_S_6005","F","67.5","3 Plane Localizer"
"024_S_6184","F","70.5","Accelerated Sagittal MPRAGE"
"024_S_6184","F","70.5","Field Mapping"
"024_S_6184","F","70.5","3 Plane Localizer"
"024_S_6184","F","70.5","3 Plane Localizer"
"024_S_6184","F","70.5","3 Plane Localizer"
"024_S_6202","F","69.6","Accelerated Sagittal MPRAGE"
"024_S_6202","F","69.6","Field Mapping Phase Direction P>A"
"024_S_6202","F","69.6","3 Plane Localizer"
"024_S_6202","F","69.6","3 Plane Localizer"
"024_S_6202","F","69.6","3 Plane Localizer"
"024_S_6385","F","66.6","Accelerated Sagittal MPRAGE"
"024_S_6385","F","66.6","Field Mapping Phase Direction P>A"
"024_S_6385","F","66.6","3 Plane Localizer"
"024_S_6385","F","66.6","3 Plane Localizer"
"024_S_6385","F","66.6","3 Plane Localizer"
"024_S_6472","F","67.6","Accelerated Sagittal MPRAGE"
"024_S_6472","F","67.6","Field Mapping"
"024_S_6472","F","67.6","3 Plane Localizer"
"024_S_6472","F","67.6","3 Plane Localizer"
"024_S_6472","F","67.6","3 Plane Localizer"
"027_S_0074","M","78.3","B1-Calibration Body"
"027_S_0074","M","78.3","B1-Calibration PA"
"027_S_0074","M","78.3","3-plane localizer"
"027_S_0074","M","78.3","MP-RAGE"
"027_S_0074","M","78.3","MP-RAGE REPEAT"
"027_S_0118","M","80.6","B1-Calibration Body"
"027_S_0118","M","80.6","B1-Calibration PA"
"027_S_0118","M","80.6","3-plane localizer"
"027_S_0118","M","80.6","ASSET Cal"
"027_S_0118","M","80.6","MP-RAGE"
"027_S_0118","M","80.6","MP-RAGE REPEAT"
"027_S_0120","M","72.1","B1-Calibration Body"
"027_S_0120","M","72.1","B1-Calibration PA"
"027_S_0120","M","72.1","3-plane localizer"
"027_S_0120","M","72.1","MP-RAGE"
"027_S_0120","M","72.1","MP-RAGE REPEAT"
"027_S_0403","M","76.4","B1-Calibration Body"
"027_S_0403","M","76.4","B1-Calibration PA"
"027_S_0403","M","76.4","3-plane localizer"
"027_S_0403","M","76.4","MP-RAGE REPEAT"
"027_S_0403","M","76.4","MP-RAGE"
"027_S_0403","M","76.4","B1-calibration Body"
"027_S_0403","M","76.4","B1-calibration Head"
"027_S_0403","M","76.4","MPRAGE"
"027_S_0403","M","76.4","MPRAGE Repeat"
"027_S_0403","M","76.4","Localizer"
"027_S_6001","F","72.1","Calibration Scan"
"027_S_6001","F","72.1","3 Plane Localizer"
"027_S_6001","F","72.1","3 Plane Localizer"
"027_S_6001","F","72.1","3 Plane Localizer"
"027_S_6001","F","72.1","Accelerated Sagittal IR-FSPGR"
"027_S_6183","M","65.6","Calibration Scan"
"027_S_6183","M","65.6","3 Plane Localizer"
"027_S_6183","M","65.6","3 Plane Localizer"
"027_S_6183","M","65.6","3 Plane Localizer"
"027_S_6183","M","65.6","Accelerated Sagittal IR-FSPGR"
"027_S_6317","F","81.4","3 Plane Localizer"
"027_S_6317","F","81.4","3 Plane Localizer"
"027_S_6317","F","81.4","3 Plane Localizer"
"027_S_6317","F","81.4","Accelerated Sagittal IR-FSPGR"
"027_S_6327","F","77.3","Calibration Scan"
"027_S_6327","F","77.3","3 Plane Localizer"
"027_S_6327","F","77.3","3 Plane Localizer"
"027_S_6327","F","77.3","3 Plane Localizer"
"027_S_6327","F","77.3","Accelerated Sagittal IR-FSPGR"
"027_S_6516","M","76.3","Accelerated Sagittal IR-FSPGR"
"027_S_6516","M","76.3","Calibration Scan"
"027_S_6516","M","76.3","3 Plane Localizer"
"027_S_6516","M","76.3","3 Plane Localizer"
"027_S_6516","M","76.3","3 Plane Localizer"
"027_S_6577","M","66.9","3 Plane Localizer"
"027_S_6577","M","66.9","3 Plane Localizer"
"027_S_6577","M","66.9","3 Plane Localizer"
"027_S_6577","M","66.9","Accelerated Sagittal IR-FSPGR"
"027_S_6582","M","67.2","Calibration Scan"
"027_S_6582","M","67.2","3 Plane Localizer"
"027_S_6582","M","67.2","3 Plane Localizer"
"027_S_6582","M","67.2","3 Plane Localizer"
"027_S_6582","M","67.2","Accelerated Sagittal IR-FSPGR"
"027_S_7024","M","74.0","3 Plane Localizer"
"027_S_7024","M","74.0","3 Plane Localizer"
"027_S_7024","M","74.0","3 Plane Localizer"
"027_S_7024","M","74.0","3 Plane Localizer"
"027_S_7024","M","74.0","3 Plane Localizer"
"027_S_7024","M","74.0","3 Plane Localizer"
"027_S_7024","M","74.0","Accelerated Sagittal IR-FSPGR"
"029_S_0824","F","76.3","B1-Calibration Body"
"029_S_0824","F","76.3","B1-Calibration PA"
"029_S_0824","F","76.3","MP-RAGE REPEAT"
"029_S_0824","F","76.3","MP-RAGE"
"029_S_0843","M","70.7","B1-Calibration PA"
"029_S_0843","M","70.7","B1-Calibration Body"
"029_S_0843","M","70.7","MP-RAGE REPEAT"
"029_S_0843","M","70.7","MP-RAGE"
"029_S_0845","M","80.4","B1-Calibration Body"
"029_S_0845","M","80.4","B1-Calibration PA"
"029_S_0845","M","80.4","MP-RAGE REPEAT"
"029_S_0845","M","80.4","MP-RAGE"
"029_S_0866","F","80.1","B1-Calibration PA (SERIES 4)"
"029_S_0866","F","80.1","B1-Calibration Body (SERIES 5"
"029_S_0866","F","80.1","MP-RAGE REPEAT (SERIES 3)"
"029_S_0866","F","80.1","MP-RAGE (SERIES 2)"
"029_S_6289","F","56.5","Calibration Scan"
"029_S_6289","F","56.5","3 Plane Localizer"
"029_S_6289","F","56.5","3 Plane Localizer"
"029_S_6289","F","56.5","3 Plane Localizer"
"029_S_6289","F","56.5","Accelerated Sag IR-FSPGR"
"029_S_6505","F","63.2","Calibration Scan"
"029_S_6505","F","63.2","3 Plane Localizer"
"029_S_6505","F","63.2","3 Plane Localizer"
"029_S_6505","F","63.2","3 Plane Localizer"
"029_S_6505","F","63.2","3 Plane Localizer"
"029_S_6505","F","63.2","3 Plane Localizer"
"029_S_6505","F","63.2","3 Plane Localizer"
"029_S_6505","F","63.2","Accelerated Sag IR-FSPGR"
"031_S_0618","M","75.0","Head,3-P,2D,LOCALIZER"
"031_S_0618","M","75.0","MP-RAGE"
"031_S_0618","M","75.0","MP-RAGE-Repeat"
"031_S_0618","M","75.0","FSE PD/T2"
"031_S_0618","M","75.0","FSE PD/T2"
"032_S_0095","M","71.2","ADNI       MPRAGE"
"032_S_0095","M","71.2","ADNI       MPRAGE #2"
"032_S_0095","M","71.2","ADNI       SURVEY"
"032_S_0095","M","71.2","ADNI       SURVEY"
"032_S_0095","M","71.2","ADNI       SURVEY"
"032_S_0479","F","73.6","MPRAGE"
"032_S_0479","F","73.6","MPRAGE"
"032_S_0479","F","73.6","SURVEY"
"032_S_0479","F","73.6","SURVEY"
"032_S_0479","F","73.6","SURVEY"
"032_S_0479","F","73.6","           MPRAGE"
"032_S_0479","F","73.6","           MPRAGE"
"032_S_0677","M","70.9","MPRAGE"
"032_S_0677","M","70.9","MPRAGE"
"032_S_0677","M","70.9","SURVEY"
"032_S_0677","M","70.9","SURVEY"
"032_S_0677","M","70.9","SURVEY"
"032_S_0677","M","71.2","B1-calibration Head"
"032_S_0677","M","71.2","B1-calibration Body"
"032_S_0677","M","71.2","MPRAGE Repeat"
"032_S_0677","M","71.2","MPRAGE"
"032_S_0677","M","71.2","localizer"
"032_S_0677","M","71.2","localizer"
"032_S_0677","M","71.2","localizer"
"032_S_1169","F","72.3","MPRAGE"
"032_S_1169","F","72.3","MPRAGE"
"032_S_1169","F","72.4","B1-calibration Head"
"032_S_1169","F","72.4","B1-calibration Body"
"032_S_1169","F","72.4","MPRAGE Repeat"
"032_S_1169","F","72.4","MPRAGE"
"032_S_1169","F","72.4","Localizer"
"032_S_1169","F","72.4","Localizer"
"032_S_1169","F","72.4","Localizer"
"032_S_6211","M","80.8","Accelerated Sagittal MPRAGE"
"032_S_6211","M","80.8","Field Mapping"
"032_S_6211","M","80.8","3 Plane Localizer"
"032_S_6211","M","80.8","3 Plane Localizer"
"032_S_6211","M","80.8","3 Plane Localizer"
"032_S_6279","M","89.1","Field Mapping"
"032_S_6279","M","89.1","Accelerated Sagittal MPRAGE"
"032_S_6279","M","89.1","3 Plane Localizer"
"032_S_6279","M","89.1","3 Plane Localizer"
"032_S_6279","M","89.1","3 Plane Localizer"
"032_S_6293","F","86.4","Field Mapping"
"032_S_6293","F","86.4","Accelerated Sagittal MPRAGE"
"032_S_6293","F","86.4","3 Plane Localizer"
"032_S_6293","F","86.4","3 Plane Localizer"
"032_S_6293","F","86.4","3 Plane Localizer"
"032_S_6294","M","82.5","Field Mapping"
"032_S_6294","M","82.5","Accelerated Sagittal MPRAGE"
"032_S_6294","M","82.5","3 Plane Localizer"
"032_S_6294","M","82.5","3 Plane Localizer"
"032_S_6294","M","82.5","3 Plane Localizer"
"032_S_6699","M","67.1","Accelerated Sagittal MPRAGE"
"032_S_6699","M","67.1","Field Mapping"
"032_S_6699","M","67.1","3 Plane Localizer"
"032_S_6699","M","67.1","3 Plane Localizer"
"032_S_6699","M","67.1","3 Plane Localizer"
"032_S_6701","F","71.2","Field Mapping"
"032_S_6701","F","71.2","Accelerated Sagittal MPRAGE"
"032_S_6701","F","71.2","3 Plane Localizer"
"032_S_6701","F","71.2","3 Plane Localizer"
"032_S_6701","F","71.2","3 Plane Localizer"
"032_S_6709","F","68.6","Accelerated Sagittal MPRAGE"
"032_S_6709","F","68.6","Field Mapping"
"032_S_6709","F","68.6","Accelerated Sagittal MPRAGE"
"032_S_6709","F","68.6","3 Plane Localizer"
"032_S_6709","F","68.6","3 Plane Localizer"
"032_S_6709","F","68.6","3 Plane Localizer"
"032_S_6717","M","74.8","Field Mapping"
"032_S_6717","M","74.8","Accelerated Sagittal MPRAGE"
"032_S_6717","M","74.8","3 Plane Localizer"
"032_S_6717","M","74.8","3 Plane Localizer"
"032_S_6717","M","74.8","3 Plane Localizer"
"033_S_0516","M","87.7","B1-Calibration Body"
"033_S_0516","M","87.7","B1-Calibration PA"
"033_S_0516","M","87.7","3-plane localizer"
"033_S_0516","M","87.7","3-plane localizer"
"033_S_0516","M","87.7","3-plane localizer"
"033_S_0516","M","87.7","MP-RAGE"
"033_S_0516","M","87.7","MP-RAGE REPEAT"
"033_S_0734","M","72.6","B1-Calibration PA"
"033_S_0734","M","72.6","B1-Calibration Body"
"033_S_0734","M","72.6","3-plane localizer"
"033_S_0734","M","72.6","3-plane localizer"
"033_S_0734","M","72.6","3-plane localizer"
"033_S_0734","M","72.6","MP-RAGE"
"033_S_0734","M","72.6","MP-RAGE REPEAT"
"033_S_0741","F","80.3","B1-Calibration Body"
"033_S_0741","F","80.3","B1-Calibration PA"
"033_S_0741","F","80.3","3-plane localizer"
"033_S_0741","F","80.3","3-plane localizer"
"033_S_0741","F","80.3","3-plane localizer"
"033_S_0741","F","80.3","MP-RAGE"
"033_S_0741","F","80.3","MP-RAGE REPEAT"
"033_S_0920","F","80.1","B1-Calibration PA"
"033_S_0920","F","80.1","B1-Calibration Body"
"033_S_0920","F","80.1","3-plane localizer"
"033_S_0920","F","80.1","3-plane localizer"
"033_S_0920","F","80.1","3-plane localizer"
"033_S_0920","F","80.1","MP-RAGE REPEAT"
"033_S_0920","F","80.1","MP-RAGE"
"033_S_0920","F","80.2","MPRAGE"
"033_S_0920","F","80.2","MPRAGE Repeat"
"033_S_0920","F","80.2","Circle Scout"
"033_S_0920","F","80.2","Circle Scout"
"033_S_0920","F","80.2","Circle Scout"
"033_S_0923","M","83.3","B1-Calibration Body"
"033_S_0923","M","83.3","B1-Calibration PA"
"033_S_0923","M","83.3","3-plane localizer"
"033_S_0923","M","83.3","3-plane localizer"
"033_S_0923","M","83.3","3-plane localizer"
"033_S_0923","M","83.3","MP-RAGE"
"033_S_0923","M","83.3","MP-RAGE REPEAT"
"033_S_1016","F","78.5","B1-Calibration Body"
"033_S_1016","F","78.5","B1-Calibration PA"
"033_S_1016","F","78.5","3-plane localizer"
"033_S_1016","F","78.5","3-plane localizer"
"033_S_1016","F","78.5","3-plane localizer"
"033_S_1016","F","78.5","MP-RAGE REPEAT"
"033_S_1016","F","78.5","MP-RAGE"
"033_S_1016","F","78.5","MPRAGE"
"033_S_1016","F","78.5","MPRAGE Repeat"
"033_S_1016","F","78.5","Circle Scout"
"033_S_1016","F","78.5","Circle Scout"
"033_S_1016","F","78.5","Circle Scout"
"033_S_1086","M","81.5","3-plane localizer"
"033_S_1086","M","81.5","3-plane localizer"
"033_S_1086","M","81.5","3-plane localizer"
"033_S_1086","M","81.5","MP-RAGE"
"033_S_1086","M","81.5","B1-Calibration PA"
"033_S_1086","M","81.5","B1-Calibration Body"
"033_S_1086","M","81.5","MP-RAGE REPEAT"
"033_S_1086","M","81.6","MPRAGE"
"033_S_1086","M","81.6","MPRAGE Repeat"
"033_S_1086","M","81.6","Circle Scout"
"033_S_1086","M","81.6","Circle Scout"
"033_S_1086","M","81.6","Circle Scout"
"033_S_1098","F","72.1","B1-Calibration Body"
"033_S_1098","F","72.1","B1-Calibration PA"
"033_S_1098","F","72.1","3-plane localizer"
"033_S_1098","F","72.1","3-plane localizer"
"033_S_1098","F","72.1","3-plane localizer"
"033_S_1098","F","72.1","MP-RAGE"
"033_S_1098","F","72.1","MP-RAGE REPEAT"
"033_S_1098","F","72.2","MPRAGE Repeat"
"033_S_1098","F","72.2","MPRAGE"
"033_S_1098","F","72.2","Circle Scout"
"033_S_1098","F","72.2","Circle Scout"
"033_S_1098","F","72.2","Circle Scout"
"033_S_6266","F","66.1","Accelerated Sagittal MPRAGE"
"033_S_6266","F","66.1","Field Mapping"
"033_S_6266","F","66.1","3 Plane Localizer"
"033_S_6266","F","66.1","3 Plane Localizer"
"033_S_6266","F","66.1","3 Plane Localizer"
"033_S_6298","F","69.5","Accelerated Sagittal MPRAGE"
"033_S_6298","F","69.5","Field Mapping"
"033_S_6298","F","69.5","3 Plane Localizer"
"033_S_6298","F","69.5","3 Plane Localizer"
"033_S_6298","F","69.5","3 Plane Localizer"
"033_S_6352","M","71.4","Accelerated Sagittal MPRAGE"
"033_S_6352","M","71.4","Field Mapping"
"033_S_6352","M","71.4","3 Plane Localizer"
"033_S_6352","M","71.4","3 Plane Localizer"
"033_S_6352","M","71.4","3 Plane Localizer"
"033_S_6572","F","67.9","Accelerated Sagittal MPRAGE"
"033_S_6572","F","67.9","Field Mapping"
"033_S_6572","F","67.9","3 Plane Localizer"
"033_S_6572","F","67.9","3 Plane Localizer"
"033_S_6572","F","67.9","3 Plane Localizer"
"033_S_6969","M","68.5","Accelerated Sagittal MPRAGE"
"033_S_6969","M","68.5","Field Mapping"
"033_S_6969","M","68.5","3 Plane Localizer"
"033_S_6969","M","68.5","3 Plane Localizer"
"033_S_6969","M","68.5","3 Plane Localizer"
"033_S_7100","M","73.0","Accelerated Sagittal MPRAGE"
"033_S_7100","M","73.0","Field Mapping"
"033_S_7100","M","73.0","3 Plane Localizer"
"033_S_7100","M","73.0","3 Plane Localizer"
"033_S_7100","M","73.0","3 Plane Localizer"
"033_S_7114","F","65.7","Accelerated Sagittal MPRAGE"
"033_S_7114","F","65.7","Field Mapping"
"033_S_7114","F","65.7","3 Plane Localizer"
"033_S_7114","F","65.7","3 Plane Localizer"
"033_S_7114","F","65.7","3 Plane Localizer"
"035_S_0048","M","78.4","B1-calibration Head"
"035_S_0048","M","78.4","B1-calibration Body"
"035_S_0048","M","78.4","MPRAGE"
"035_S_0048","M","78.4","MPRAGE Repeat"
"035_S_0048","M","78.4","Localizer"
"035_S_0048","M","78.4","Localizer"
"035_S_0048","M","78.4","Localizer"
"035_S_0156","M","74.2","B1-calibration Body"
"035_S_0156","M","74.2","B1-calibration Head"
"035_S_0156","M","74.2","MPRAGE"
"035_S_0156","M","74.2","MPRAGE Repeat"
"035_S_0156","M","74.2","Localizer"
"035_S_0156","M","74.2","Localizer"
"035_S_0156","M","74.2","Localizer"
"035_S_0156","M","74.2","Localizer"
"035_S_0156","M","74.2","Localizer"
"035_S_0156","M","74.2","Localizer"
"035_S_0555","M","76.7","B1-calibration Head"
"035_S_0555","M","76.7","B1-calibration Body"
"035_S_0555","M","76.7","MPRAGE"
"035_S_0555","M","76.7","MPRAGE Repeat"
"035_S_0555","M","76.7","Localizer"
"035_S_0555","M","76.7","Localizer"
"035_S_0555","M","76.7","Localizer"
"035_S_0555","M","77.2","B1-calibration Body"
"035_S_0555","M","77.2","B1-calibration Head"
"035_S_0555","M","77.2","MPRAGE"
"035_S_0555","M","77.2","MPRAGE Repeat"
"035_S_0555","M","77.2","Localizer"
"035_S_0555","M","77.2","Localizer"
"035_S_0555","M","77.2","Localizer"
"035_S_6156","M","75.8","Accelerated Sagittal MPRAGE"
"035_S_6156","M","75.8","Field Mapping"
"035_S_6156","M","75.8","3 Plane Localizer"
"035_S_6156","M","75.8","3 Plane Localizer"
"035_S_6156","M","75.8","3 Plane Localizer"
"035_S_6156","M","75.8","3 Plane Localizer"
"035_S_6156","M","75.8","3 Plane Localizer"
"035_S_6156","M","75.8","3 Plane Localizer"
"035_S_6160","M","60.7","Accelerated Sagittal MPRAGE"
"035_S_6160","M","60.7","Field Mapping"
"035_S_6160","M","60.7","3 Plane Localizer"
"035_S_6160","M","60.7","3 Plane Localizer"
"035_S_6160","M","60.7","3 Plane Localizer"
"035_S_6195","F","70.2","Accelerated Sagittal MPRAGE"
"035_S_6195","F","70.2","Field Mapping"
"035_S_6195","F","70.2","3 Plane Localizer"
"035_S_6195","F","70.2","3 Plane Localizer"
"035_S_6195","F","70.2","3 Plane Localizer"
"035_S_6200","M","72.3","Accelerated Sagittal MPRAGE"
"035_S_6200","M","72.3","Field Mapping"
"035_S_6200","M","72.3","3 Plane Localizer"
"035_S_6200","M","72.3","3 Plane Localizer"
"035_S_6200","M","72.3","3 Plane Localizer"
"035_S_6306","M","73.3","Accelerated Sagittal MPRAGE"
"035_S_6306","M","73.3","Field Mapping"
"035_S_6306","M","73.3","3 Plane Localizer"
"035_S_6306","M","73.3","3 Plane Localizer"
"035_S_6306","M","73.3","3 Plane Localizer"
"035_S_6488","F","76.6","Accelerated Sagittal MPRAGE"
"035_S_6488","F","76.6","Field Mapping"
"035_S_6488","F","76.6","3 Plane Localizer"
"035_S_6488","F","76.6","3 Plane Localizer"
"035_S_6488","F","76.6","3 Plane Localizer"
"035_S_6551","F","72.8","Accelerated Sagittal MPRAGE"
"035_S_6551","F","72.8","Field Mapping"
"035_S_6551","F","72.8","3 Plane Localizer"
"035_S_6551","F","72.8","3 Plane Localizer"
"035_S_6551","F","72.8","3 Plane Localizer"
"035_S_6722","F","80.8","Accelerated Sagittal MPRAGE"
"035_S_6722","F","80.8","Field Mapping"
"035_S_6722","F","80.8","3 Plane Localizer"
"035_S_6722","F","80.8","3 Plane Localizer"
"035_S_6722","F","80.8","3 Plane Localizer"
"035_S_6730","M","74.0","Accelerated Sagittal MPRAGE"
"035_S_6730","M","74.0","Field Mapping"
"035_S_6730","M","74.0","3 Plane Localizer"
"035_S_6730","M","74.0","3 Plane Localizer"
"035_S_6730","M","74.0","3 Plane Localizer"
"035_S_6739","F","68.1","Accelerated Sagittal MPRAGE"
"035_S_6739","F","68.1","Field Mapping"
"035_S_6739","F","68.1","3 Plane Localizer"
"035_S_6739","F","68.1","3 Plane Localizer"
"035_S_6739","F","68.1","3 Plane Localizer"
"035_S_6739","F","68.1","3 Plane Localizer"
"035_S_6751","F","67.8","Accelerated Sagittal MPRAGE"
"035_S_6751","F","67.8","Field Mapping"
"035_S_6751","F","67.8","3 Plane Localizer"
"035_S_6751","F","67.8","3 Plane Localizer"
"035_S_6751","F","67.8","3 Plane Localizer"
"035_S_6946","F","76.4","Accelerated Sagittal MPRAGE Phase A-P"
"035_S_6946","F","76.4","3 Plane Localizer"
"035_S_6946","F","76.4","3 Plane Localizer"
"035_S_6946","F","76.4","3 Plane Localizer"
"035_S_6946","F","76.4","3 Plane Localizer"
"035_S_6946","F","76.4","3 Plane Localizer"
"035_S_6946","F","76.4","3 Plane Localizer"
"035_S_6948","M","69.7","Accelerated Sagittal MPRAGE Phase A-P"
"035_S_6948","M","69.7","Field Mapping phase R-L"
"035_S_6948","M","69.7","3 Plane Localizer"
"035_S_6948","M","69.7","3 Plane Localizer"
"035_S_6948","M","69.7","3 Plane Localizer"
"035_S_6950","F","74.8","Accelerated Sagittal MPRAGE Phase A-P"
"035_S_6950","F","74.8","Field Mapping phase R-L"
"035_S_6950","F","74.8","3 Plane Localizer"
"035_S_6950","F","74.8","3 Plane Localizer"
"035_S_6950","F","74.8","3 Plane Localizer"
"035_S_6967","F","70.3","Accelerated Sagittal MPRAGE Phase A-P"
"035_S_6967","F","70.3","Field Mapping phase R-L"
"035_S_6967","F","70.3","3 Plane Localizer"
"035_S_6967","F","70.3","3 Plane Localizer"
"035_S_6967","F","70.3","3 Plane Localizer"
"035_S_6999","M","70.1","Accelerated Sagittal MPRAGE Phase A-P"
"035_S_6999","M","70.1","Field Mapping phase R-L"
"035_S_6999","M","70.1","3 Plane Localizer"
"035_S_6999","M","70.1","3 Plane Localizer"
"035_S_6999","M","70.1","3 Plane Localizer"
"035_S_7004","F","56.6","Accelerated Sagittal MPRAGE Phase A-P"
"035_S_7004","F","56.6","Field Mapping phase R-L"
"035_S_7004","F","56.6","3 Plane Localizer"
"035_S_7004","F","56.6","3 Plane Localizer"
"035_S_7004","F","56.6","3 Plane Localizer"
"035_S_7030","F","55.8","Accelerated Sagittal MPRAGE Phase A-P"
"035_S_7030","F","55.8","Field Mapping phase R-L"
"035_S_7030","F","55.8","3 Plane Localizer"
"035_S_7030","F","55.8","3 Plane Localizer"
"035_S_7030","F","55.8","3 Plane Localizer"
"035_S_7043","F","62.4","Accelerated Sagittal MPRAGE Phase A-P"
"035_S_7043","F","62.4","Field Mapping phase R-L"
"035_S_7043","F","62.4","3 Plane Localizer"
"035_S_7043","F","62.4","3 Plane Localizer"
"035_S_7043","F","62.4","3 Plane Localizer"
"035_S_7050","F","68.0","Accelerated Sagittal MPRAGE Phase A-P"
"035_S_7050","F","68.0","Field Mapping phase R-L"
"035_S_7050","F","68.0","3 Plane Localizer"
"035_S_7050","F","68.0","3 Plane Localizer"
"035_S_7050","F","68.0","3 Plane Localizer"
"035_S_7076","F","62.8","Accelerated Sagittal MPRAGE Phase A-P"
"035_S_7076","F","62.8","Field Mapping phase R-L"
"035_S_7076","F","62.8","3 Plane Localizer"
"035_S_7115","F","80.0","Accelerated Sagittal MPRAGE Phase A-P"
"035_S_7115","F","80.0","Field Mapping phase R-L"
"035_S_7115","F","80.0","3 Plane Localizer"
"035_S_7115","F","80.0","3 Plane Localizer"
"035_S_7115","F","80.0","3 Plane Localizer"
"035_S_7123","F","80.2","Accelerated Sagittal MPRAGE Phase A-P"
"035_S_7123","F","80.2","Field Mapping phase R-L"
"035_S_7123","F","80.2","3 Plane Localizer"
"035_S_7123","F","80.2","3 Plane Localizer"
"035_S_7123","F","80.2","3 Plane Localizer"
"035_S_7123","F","80.2","3 Plane Localizer"
"035_S_7123","F","80.2","3 Plane Localizer"
"035_S_7123","F","80.2","3 Plane Localizer"
"036_S_0576","M","77.6","B1-calibration Head"
"036_S_0576","M","77.6","B1-calibration Body"
"036_S_0576","M","77.6","MPRAGE Repeat"
"036_S_0576","M","77.6","MPRAGE Repeat"
"036_S_0576","M","77.6","MPRAGE"
"036_S_0576","M","77.6","Localizer"
"036_S_0576","M","77.6","Localizer"
"036_S_0576","M","77.6","Localizer"
"036_S_0672","F","62.2","B1-calibration Body"
"036_S_0672","F","62.2","B1-calibration Head"
"036_S_0672","F","62.2","MPRAGE Repeat"
"036_S_0672","F","62.2","MPRAGE"
"036_S_0672","F","62.2","Localizer"
"036_S_0672","F","62.2","Localizer"
"036_S_0672","F","62.2","Localizer"
"036_S_0813","M","72.9","B1-calibration Head"
"036_S_0813","M","72.9","B1-calibration Body"
"036_S_0813","M","72.9","MPRAGE"
"036_S_0813","M","72.9","MPRAGE Repeat"
"036_S_1023","F","77.2","B1-calibration Body"
"036_S_1023","F","77.2","B1-calibration Head"
"036_S_1023","F","77.2","MPRAGE Repeat"
"036_S_1023","F","77.2","MPRAGE"
"036_S_1023","F","77.2","Localizer PLACE VIT E MARK"
"036_S_1023","F","77.2","Localizer PLACE VIT E MARK"
"036_S_1023","F","77.2","Localizer PLACE VIT E MARK"
"036_S_6088","F","69.2","Accelerated Sagittal MPRAGE"
"036_S_6088","F","69.2","Field Mapping"
"036_S_6088","F","69.2","3 Plane Localizer_S1_DIS2D"
"036_S_6088","F","69.2","3 Plane Localizer_S1_DIS2D"
"036_S_6088","F","69.2","3 Plane Localizer_S1_DIS2D"
"036_S_6088","F","69.2","3 Plane Localizer"
"036_S_6088","F","69.2","3 Plane Localizer"
"036_S_6088","F","69.2","3 Plane Localizer"
"036_S_6189","F","69.6","Accelerated Sagittal MPRAGE"
"036_S_6189","F","69.6","Field Mapping"
"036_S_6189","F","69.6","3 Plane Localizer"
"036_S_6189","F","69.6","3 Plane Localizer"
"036_S_6189","F","69.6","3 Plane Localizer"
"036_S_6316","F","77.6","Accelerated Sagittal MPRAGE"
"036_S_6316","F","77.6","3 Plane Localizer"
"036_S_6316","F","77.6","3 Plane Localizer"
"036_S_6316","F","77.6","3 Plane Localizer"
"036_S_6466","F","68.1","Accelerated Sagittal MPRAGE"
"036_S_6466","F","68.1","3 Plane Localizer"
"036_S_6466","F","68.1","3 Plane Localizer"
"036_S_6466","F","68.1","3 Plane Localizer"
"036_S_6466","F","68.1","Field Mapping"
"037_S_0303","M","84.4","Head,3-P,2D,LOCALIZER"
"037_S_0303","M","84.4","MP-RAGE"
"037_S_0303","M","84.4","MP-RAGE-Repeat"
"037_S_0303","M","84.4","B1-calibration Body"
"037_S_0303","M","84.4","B1-calibration Head"
"037_S_0303","M","84.4","MPRAGE"
"037_S_0303","M","84.4","MPRAGE REPEAT"
"037_S_0303","M","84.4","LOCALIZER"
"037_S_0303","M","84.4","LOCALIZER"
"037_S_0303","M","84.4","LOCALIZER"
"037_S_0327","M","70.2","Head,3-P,2D,LOCALIZER"
"037_S_0327","M","70.2","MP-RAGE-REPEAT"
"037_S_0327","M","70.2","MP-RAGE"
"037_S_0454","F","82.0","Head,3-P,2D,LOCALIZER"
"037_S_0454","F","82.0","FSE PD/T2"
"037_S_0454","F","82.0","MP-RAGE"
"037_S_0454","F","82.0","MP-RAGE-Repeat"
"037_S_0467","F","81.2","Head,3-P,2D,LOCALIZER"
"037_S_0467","F","81.2","MP-RAGE"
"037_S_0467","F","81.2","MP-RAGE-Repeat"
"037_S_6031","F","67.3","Accelerated Sagittal MPRAGE"
"037_S_6031","F","67.3","Field Mapping"
"037_S_6031","F","67.3","3 Plane Localizer"
"037_S_6031","F","67.3","3 Plane Localizer"
"037_S_6031","F","67.3","3 Plane Localizer"
"037_S_6032","F","66.3","Accelerated Sagittal MPRAGE"
"037_S_6032","F","66.3","Field Mapping"
"037_S_6032","F","66.3","3 Plane Localizer"
"037_S_6032","F","66.3","3 Plane Localizer"
"037_S_6032","F","66.3","3 Plane Localizer"
"037_S_6046","M","76.0","Accelerated Sagittal MPRAGE"
"037_S_6046","M","76.0","Field Mapping"
"037_S_6046","M","76.0","3 Plane Localizer"
"037_S_6046","M","76.0","3 Plane Localizer"
"037_S_6046","M","76.0","3 Plane Localizer"
"037_S_6115","F","71.0","Accelerated Sagittal MPRAGE"
"037_S_6115","F","71.0","Field Mapping"
"037_S_6115","F","71.0","3 Plane Localizer"
"037_S_6115","F","71.0","3 Plane Localizer"
"037_S_6115","F","71.0","3 Plane Localizer"
"037_S_6144","F","65.1","Accelerated Sagittal MPRAGE"
"037_S_6144","F","65.1","Field Mapping"
"037_S_6144","F","65.1","3 Plane Localizer"
"037_S_6144","F","65.1","3 Plane Localizer"
"037_S_6144","F","65.1","3 Plane Localizer"
"037_S_6187","F","74.3","Accelerated Sagittal MPRAGE"
"037_S_6187","F","74.3","Field Mapping"
"037_S_6187","F","74.3","3 Plane Localizer"
"037_S_6187","F","74.3","3 Plane Localizer"
"037_S_6187","F","74.3","3 Plane Localizer"
"037_S_6204","M","65.3","Accelerated Sagittal MPRAGE"
"037_S_6204","M","65.3","Field Mapping"
"037_S_6204","M","65.3","3 Plane Localizer"
"037_S_6204","M","65.3","3 Plane Localizer"
"037_S_6204","M","65.3","3 Plane Localizer"
"037_S_6271","F","62.0","Accelerated Sagittal MPRAGE"
"037_S_6271","F","62.0","Field Mapping"
"037_S_6271","F","62.0","3 Plane Localizer"
"037_S_6271","F","62.0","3 Plane Localizer"
"037_S_6271","F","62.0","3 Plane Localizer"
"037_S_6951","F","54.9","Accelerated Sagittal MPRAGE"
"037_S_6951","F","54.9","Field Mapping"
"037_S_6951","F","54.9","3 Plane Localizer"
"037_S_6951","F","54.9","3 Plane Localizer"
"037_S_6951","F","54.9","3 Plane Localizer"
"037_S_6956","M","65.2","Accelerated Sagittal MPRAGE"
"037_S_6956","M","65.2","Field Mapping"
"037_S_6956","M","65.2","3 Plane Localizer"
"037_S_6956","M","65.2","3 Plane Localizer"
"037_S_6956","M","65.2","3 Plane Localizer"
"037_S_6963","F","57.4","Accelerated Sagittal MPRAGE"
"037_S_6963","F","57.4","3 Plane Localizer"
"037_S_6963","F","57.4","3 Plane Localizer"
"037_S_6963","F","57.4","3 Plane Localizer"
"037_S_6963","F","57.4","3 Plane Localizer"
"037_S_6963","F","57.4","3 Plane Localizer"
"037_S_6963","F","57.4","3 Plane Localizer"
"037_S_6974","F","80.8","Accelerated Sagittal MPRAGE"
"037_S_6974","F","80.8","3 Plane Localizer"
"037_S_6974","F","80.8","3 Plane Localizer"
"037_S_6974","F","80.8","3 Plane Localizer"
"037_S_6977","F","56.9","Accelerated Sagittal MPRAGE"
"037_S_6977","F","56.9","Field Mapping"
"037_S_6977","F","56.9","3 Plane Localizer"
"037_S_6977","F","56.9","3 Plane Localizer"
"037_S_6977","F","56.9","3 Plane Localizer"
"037_S_6992","F","52.8","Accelerated Sagittal MPRAGE"
"037_S_6992","F","52.8","Field Mapping"
"037_S_6992","F","52.8","3 Plane Localizer"
"037_S_6992","F","52.8","3 Plane Localizer"
"037_S_6992","F","52.8","3 Plane Localizer"
"037_S_6993","M","57.8","Accelerated Sagittal MPRAGE"
"037_S_6993","M","57.8","Field Mapping"
"037_S_6993","M","57.8","3 Plane Localizer"
"037_S_6993","M","57.8","3 Plane Localizer"
"037_S_6993","M","57.8","3 Plane Localizer"
"037_S_6995","F","58.7","Accelerated Sagittal MPRAGE"
"037_S_6995","F","58.7","Field Mapping"
"037_S_6995","F","58.7","3 Plane Localizer"
"037_S_6995","F","58.7","3 Plane Localizer"
"037_S_6995","F","58.7","3 Plane Localizer"
"037_S_7006","F","57.9","Accelerated Sagittal MPRAGE"
"037_S_7006","F","57.9","Field Mapping"
"037_S_7006","F","57.9","3 Plane Localizer"
"037_S_7006","F","57.9","3 Plane Localizer"
"037_S_7006","F","57.9","3 Plane Localizer"
"037_S_7011","F","50.5","Accelerated Sagittal MPRAGE"
"037_S_7011","F","50.5","Field Mapping"
"037_S_7011","F","50.5","3 Plane Localizer"
"037_S_7011","F","50.5","3 Plane Localizer"
"037_S_7011","F","50.5","3 Plane Localizer"
"037_S_7035","F","53.5","Accelerated Sagittal MPRAGE"
"037_S_7035","F","53.5","Field Mapping"
"037_S_7035","F","53.5","3 Plane Localizer"
"037_S_7035","F","53.5","3 Plane Localizer"
"037_S_7035","F","53.5","3 Plane Localizer"
"041_S_0125","M","73.8","B1-calibration Body"
"041_S_0125","M","73.8","B1-calibration Head"
"041_S_0125","M","73.8","MPRAGE Repeat"
"041_S_0125","M","73.8","MPRAGE"
"041_S_0125","M","73.8","Localizer"
"041_S_0125","M","73.8","Localizer"
"041_S_0125","M","73.8","Localizer"
"041_S_0262","M","85.9","B1-calibration Head"
"041_S_0262","M","85.9","B1-calibration Body"
"041_S_0262","M","85.9","Axial PD-T2 TSE"
"041_S_0262","M","85.9","MPRAGE"
"041_S_0262","M","85.9","MPRAGE Repeat"
"041_S_0262","M","85.9","MPRAGE"
"041_S_0262","M","85.9","Localizer"
"041_S_0262","M","85.9","Localizer"
"041_S_0262","M","85.9","Localizer"
"041_S_0898","F","83.3","B1-calibration Head"
"041_S_0898","F","83.3","B1-calibration Body"
"041_S_0898","F","83.3","MPRAGE Repeat"
"041_S_0898","F","83.3","MPRAGE"
"041_S_0898","F","83.3","Localizer"
"041_S_0898","F","83.3","Localizer"
"041_S_0898","F","83.3","Localizer"
"041_S_0898","F","83.3","Localizer"
"041_S_0898","F","83.3","Localizer"
"041_S_0898","F","83.3","Localizer"
"041_S_1002","F","76.5","B1-calibration Body"
"041_S_1002","F","76.5","B1-calibration Head"
"041_S_1002","F","76.5","MPRAGE"
"041_S_1002","F","76.5","MPRAGE Repeat"
"041_S_1002","F","76.5","Localizer"
"041_S_1002","F","76.5","Localizer"
"041_S_1002","F","76.5","Localizer"
"041_S_6136","M","61.2","Accelerated Sagittal MPRAGE"
"041_S_6136","M","61.2","Field Mapping"
"041_S_6136","M","61.2","3 Plane Localizer"
"041_S_6136","M","61.2","3 Plane Localizer"
"041_S_6136","M","61.2","3 Plane Localizer"
"041_S_6159","M","76.3","Accelerated Sagittal MPRAGE"
"041_S_6159","M","76.3","Field Mapping"
"041_S_6159","M","76.3","3 Plane Localizer"
"041_S_6159","M","76.3","3 Plane Localizer"
"041_S_6159","M","76.3","3 Plane Localizer"
"041_S_6192","F","83.3","Accelerated Sagittal MPRAGE"
"041_S_6192","F","83.3","Accelerated Sagittal MPRAGE"
"041_S_6192","F","83.3","Field Mapping"
"041_S_6192","F","83.3","3 Plane Localizer"
"041_S_6192","F","83.3","3 Plane Localizer"
"041_S_6192","F","83.3","3 Plane Localizer"
"041_S_6226","F","65.5","Accelerated Sagittal MPRAGE"
"041_S_6226","F","65.5","Field Mapping"
"041_S_6226","F","65.5","3 Plane Localizer"
"041_S_6226","F","65.5","3 Plane Localizer"
"041_S_6226","F","65.5","3 Plane Localizer"
"041_S_6292","M","76.7","Accelerated Sagittal MPRAGE"
"041_S_6292","M","76.7","Field Mapping"
"041_S_6292","M","76.7","3 Plane Localizer"
"041_S_6292","M","76.7","3 Plane Localizer"
"041_S_6292","M","76.7","3 Plane Localizer"
"041_S_6314","M","73.6","Accelerated Sagittal MPRAGE"
"041_S_6314","M","73.6","Field Mapping"
"041_S_6314","M","73.6","3 Plane Localizer"
"041_S_6314","M","73.6","3 Plane Localizer"
"041_S_6314","M","73.6","3 Plane Localizer"
"041_S_6354","F","70.8","Accelerated Sagittal MPRAGE"
"041_S_6354","F","70.8","3 Plane Localizer"
"041_S_6354","F","70.8","3 Plane Localizer"
"041_S_6354","F","70.8","3 Plane Localizer"
"041_S_6354","F","70.8","Field Mapping"
"041_S_6354","F","70.8","3 Plane Localizer"
"041_S_6354","F","70.8","3 Plane Localizer"
"041_S_6354","F","70.8","3 Plane Localizer"
"041_S_6401","M","75.7","Accelerated Sagittal MPRAGE"
"041_S_6401","M","75.7","Field Mapping"
"041_S_6401","M","75.7","3 Plane Localizer"
"041_S_6401","M","75.7","3 Plane Localizer"
"041_S_6401","M","75.7","3 Plane Localizer"
"041_S_6447","F","71.3","Accelerated Sagittal MPRAGE"
"041_S_6447","F","71.3","Field Mapping"
"041_S_6447","F","71.3","3 Plane Localizer"
"041_S_6447","F","71.3","3 Plane Localizer"
"041_S_6447","F","71.3","3 Plane Localizer"
"041_S_6785","F","65.1","Accelerated Sagittal MPRAGE"
"041_S_6785","F","65.1","Field Mapping"
"041_S_6785","F","65.1","3 Plane Localizer"
"041_S_6785","F","65.1","3 Plane Localizer"
"041_S_6785","F","65.1","3 Plane Localizer"
"041_S_6786","F","87.5","Accelerated Sagittal MPRAGE"
"041_S_6786","F","87.5","Field Mapping"
"041_S_6786","F","87.5","3 Plane Localizer"
"041_S_6786","F","87.5","3 Plane Localizer"
"041_S_6786","F","87.5","3 Plane Localizer"
"041_S_6801","F","61.1","Accelerated Sagittal MPRAGE"
"041_S_6801","F","61.1","Field Mapping"
"041_S_6801","F","61.1","3 Plane Localizer"
"041_S_6801","F","61.1","3 Plane Localizer"
"041_S_6801","F","61.1","3 Plane Localizer"
"041_S_7017","M","75.0","Accelerated Sagittal MPRAGE"
"041_S_7017","M","75.0","Field Mapping"
"041_S_7017","M","75.0","3 Plane Localizer"
"041_S_7017","M","75.0","3 Plane Localizer"
"041_S_7017","M","75.0","3 Plane Localizer"
"051_S_1123","F","76.0","B1-calibration Body"
"051_S_1123","F","76.0","B1-calibration Head"
"051_S_1123","F","76.0","MPRAGE Repeat"
"051_S_1123","F","76.0","MPRAGE"
"051_S_1123","F","76.0","Localizer"
"051_S_1123","F","76.0","Localizer"
"051_S_1123","F","76.0","Localizer"
"051_S_1123","F","76.2","B1-calibration Head"
"051_S_1123","F","76.2","B1-calibration Body"
"051_S_1123","F","76.2","MPRAGE"
"051_S_1123","F","76.2","MPRAGE Repeat"
"051_S_1123","F","76.2","Localizer"
"051_S_1123","F","76.2","Localizer"
"051_S_1123","F","76.2","Localizer"
"051_S_1123","F","76.2","Localizer"
"051_S_1123","F","76.2","Localizer"
"051_S_1123","F","76.2","Localizer"
"051_S_1123","F","76.2","Localizer"
"051_S_1123","F","76.2","Localizer"
"051_S_1123","F","76.2","Localizer"
"052_S_0951","M","84.9","B1-Calibration PA"
"052_S_0951","M","84.9","3-plane localizer"
"052_S_0951","M","84.9","3-plane localizer"
"052_S_0951","M","84.9","3-plane localizer"
"052_S_0951","M","84.9","3-plane localizer"
"052_S_0951","M","84.9","3-plane localizer"
"052_S_0951","M","84.9","3-plane localizer"
"052_S_0951","M","84.9","MP-RAGE REPEAT"
"052_S_0951","M","84.9","MP-RAGE"
"052_S_0951","M","84.9","B1-Calibration Body TE=5.5"
"052_S_0951","M","84.9","B1-Calibration PA TE=5.5"
"052_S_1250","F","73.3","B1-Calibration PA"
"052_S_1250","F","73.3","3-plane localizer"
"052_S_1250","F","73.3","3-plane localizer"
"052_S_1250","F","73.3","3-plane localizer"
"052_S_1250","F","73.3","MP-RAGE"
"052_S_1250","F","73.3","MP-RAGE REPEAT"
"052_S_1250","F","73.3","B1-Calibration Body"
"052_S_1250","F","73.3","B1-Calibration PA"
"052_S_1250","F","73.3","B1-Calibration Body"
"052_S_1250","F","73.4","B1-Calibration Body"
"052_S_1250","F","73.4","B1-Calibration PA"
"052_S_1250","F","73.4","3-plane localizer"
"052_S_1250","F","73.4","3-plane localizer"
"052_S_1250","F","73.4","3-plane localizer"
"052_S_1250","F","73.4","MP-RAGE REPEAT"
"052_S_1250","F","73.4","MP-RAGE"
"052_S_1251","F","74.3","B1-Calibration PA"
"052_S_1251","F","74.3","3-plane localizer"
"052_S_1251","F","74.3","3-plane localizer"
"052_S_1251","F","74.3","3-plane localizer"
"052_S_1251","F","74.3","MP-RAGE repeat"
"052_S_1251","F","74.3","MP-RAGE"
"052_S_1251","F","74.3","B1-Calibration Body"
"052_S_1251","F","74.3","B1-Calibration PA TE5.5ms"
"052_S_1251","F","74.4","B1-Calibration Body"
"052_S_1251","F","74.4","B1-Calibration PA"
"052_S_1251","F","74.4","3-plane localizer"
"052_S_1251","F","74.4","3-plane localizer"
"052_S_1251","F","74.4","3-plane localizer"
"052_S_1251","F","74.4","MP-RAGE"
"052_S_1251","F","74.4","MP-RAGE REPEAT"
"052_S_6412","M","67.6","Accelerated Sagittal MPRAGE"
"052_S_6412","M","67.6","Field Mapping"
"052_S_6412","M","67.6","3 Plane Localizer"
"052_S_6412","M","67.6","3 Plane Localizer"
"052_S_6412","M","67.6","3 Plane Localizer"
"057_S_0643","F","71.5","B1-calibration Body"
"057_S_0643","F","71.5","B1-calibration Head"
"057_S_0643","F","71.5","MPRAGE"
"057_S_0643","F","71.5","MPRAGE Repeat"
"057_S_0643","F","71.5","Localizer"
"057_S_0643","F","71.5","Localizer"
"057_S_0643","F","71.5","Localizer"
"057_S_0779","M","79.6","B1-calibration Body"
"057_S_0779","M","79.6","B1-calibration Head"
"057_S_0779","M","79.6","MPRAGE Repeat"
"057_S_0779","M","79.6","MPRAGE"
"057_S_0779","M","79.6","Localizer"
"057_S_0779","M","79.6","Localizer"
"057_S_0779","M","79.6","Localizer"
"057_S_0818","F","74.1","B1-calibration Head"
"057_S_0818","F","74.1","B1-calibration Body"
"057_S_0818","F","74.1","MPRAGE"
"057_S_0818","F","74.1","MPRAGE Repeat"
"057_S_0818","F","74.1","Localizer"
"057_S_0818","F","74.1","Localizer"
"057_S_0818","F","74.1","Localizer"
"057_S_0934","F","70.1","B1-calibration Head"
"057_S_0934","F","70.1","B1-calibration Body"
"057_S_0934","F","70.1","MPRAGE Repeat"
"057_S_0934","F","70.1","MPRAGE"
"057_S_0934","F","70.1","Localizer"
"057_S_0934","F","70.1","Localizer"
"057_S_0934","F","70.1","Localizer"
"062_S_0578","F","77.1","B1-calibration Body"
"062_S_0578","F","77.1","B1-calibration Head"
"062_S_0578","F","77.1","MPRAGE"
"062_S_0578","F","77.1","MPRAGE Repeat"
"062_S_0578","F","77.1","Localizer"
"062_S_0578","F","77.1","Localizer"
"062_S_0578","F","77.1","Localizer"
"062_S_0768","M","77.3","B1-calibration Head"
"062_S_0768","M","77.3","B1-calibration Body"
"062_S_0768","M","77.3","MPRAGE Repeat"
"062_S_0768","M","77.3","MPRAGE"
"062_S_0768","M","77.3","Localizer"
"062_S_0768","M","77.3","Localizer"
"062_S_0768","M","77.3","Localizer"
"062_S_1099","F","79.3","B1-calibration Head"
"062_S_1099","F","79.3","B1-calibration Body"
"062_S_1099","F","79.3","MPRAGE Repeat"
"062_S_1099","F","79.3","MPRAGE"
"062_S_1099","F","79.3","Localizer"
"062_S_1099","F","79.3","Localizer"
"062_S_1099","F","79.3","Localizer"
"067_S_0019","F","73.2","B1-calibration Body"
"067_S_0019","F","73.2","B1-calibration Head"
"067_S_0019","F","73.2","MPRAGE Repeat"
"067_S_0019","F","73.2","MPRAGE"
"067_S_0019","F","73.2","Localizer"
"067_S_0019","F","73.2","Localizer"
"067_S_0019","F","73.2","Localizer"
"067_S_0024","F","79.7","B1-calibration Head"
"067_S_0024","F","79.7","B1-calibration Body"
"067_S_0024","F","79.7","MPRAGE Repeat"
"067_S_0024","F","79.7","MPRAGE"
"067_S_0024","F","79.7","Localizer"
"067_S_0024","F","79.7","Localizer"
"067_S_0024","F","79.7","Localizer"
"067_S_0056","F","69.7","B1-calibration Head"
"067_S_0056","F","69.7","B1-calibration Body"
"067_S_0056","F","69.7","MPRAGE"
"067_S_0056","F","69.7","MPRAGE Repeat"
"067_S_0056","F","69.7","Localizer"
"067_S_0056","F","69.7","Localizer"
"067_S_0056","F","69.7","Localizer"
"067_S_0059","F","71.0","B1-calibration Body"
"067_S_0059","F","71.0","B1-calibration Head"
"067_S_0059","F","71.0","MPRAGE"
"067_S_0059","F","71.0","MPRAGE Repeat"
"067_S_0059","F","71.0","Localizer"
"067_S_0059","F","71.0","Localizer"
"067_S_0059","F","71.0","Localizer"
"067_S_0059","F","71.0","Localizer"
"067_S_0059","F","71.0","Localizer"
"067_S_0059","F","71.0","Localizer"
"067_S_0177","F","75.0","B1-calibration Head"
"067_S_0177","F","75.0","B1-calibration Body"
"067_S_0177","F","75.0","MPRAGE"
"067_S_0177","F","75.0","MPRAGE Repeat"
"067_S_0177","F","75.0","Localizer"
"067_S_0177","F","75.0","Localizer"
"067_S_0177","F","75.0","Localizer"
"067_S_0177","F","75.0","Localizer"
"067_S_0177","F","75.0","Localizer"
"067_S_0177","F","75.0","Localizer"
"067_S_0257","F","78.7","B1-calibration Body"
"067_S_0257","F","78.7","B1-calibration Head"
"067_S_0257","F","78.7","MPRAGE"
"067_S_0257","F","78.7","MPRAGE Repeat"
"067_S_0257","F","78.7","Localizer"
"067_S_0257","F","78.7","Localizer"
"067_S_0257","F","78.7","Localizer"
"067_S_6045","F","71.6","Accelerated Sagittal MPRAGE"
"067_S_6045","F","71.6","3 Plane Localizer"
"067_S_6045","F","71.6","3 Plane Localizer"
"067_S_6045","F","71.6","3 Plane Localizer"
"067_S_6045","F","71.6","Field Mapping"
"067_S_6117","M","65.4","Field Mapping"
"067_S_6117","M","65.4","3 Plane Localizer"
"067_S_6117","M","65.4","3 Plane Localizer"
"067_S_6117","M","65.4","3 Plane Localizer"
"067_S_6117","M","65.4","Accelerated Sagittal MPRAGE"
"067_S_6138","F","68.9","3 Plane Localizer"
"067_S_6138","F","68.9","3 Plane Localizer"
"067_S_6138","F","68.9","3 Plane Localizer"
"067_S_6138","F","68.9","Accelerated Sagittal MPRAGE"
"067_S_6138","F","68.9","Field Mapping"
"067_S_6138","F","68.9","3 Plane Localizer"
"067_S_6138","F","68.9","3 Plane Localizer"
"067_S_6138","F","68.9","3 Plane Localizer"
"067_S_6442","M","78.3","Accelerated Sagittal MPRAGE"
"067_S_6442","M","78.3","3 Plane Localizer"
"067_S_6442","M","78.3","3 Plane Localizer"
"067_S_6442","M","78.3","3 Plane Localizer"
"067_S_6442","M","78.3","Field Mapping"
"067_S_6443","F","77.5","3 Plane Localizer"
"067_S_6443","F","77.5","3 Plane Localizer"
"067_S_6443","F","77.5","3 Plane Localizer"
"067_S_6443","F","77.5","Field Mapping"
"067_S_6443","F","77.5","Accelerated Sagittal MPRAGE"
"067_S_6518","F","65.7","Accelerated Sagittal MPRAGE"
"067_S_6518","F","65.7","Field Mapping"
"067_S_6518","F","65.7","3 Plane Localizer"
"067_S_6518","F","65.7","3 Plane Localizer"
"067_S_6518","F","65.7","3 Plane Localizer"
"067_S_6528","F","65.1","Accelerated Sagittal MPRAGE"
"067_S_6528","F","65.1","3 Plane Localizer"
"067_S_6528","F","65.1","3 Plane Localizer"
"067_S_6528","F","65.1","3 Plane Localizer"
"067_S_6528","F","65.1","Field Mapping"
"067_S_6957","M","78.0","Accelerated Sagittal MPRAGE"
"067_S_6957","M","78.0","Field Mapping"
"067_S_6957","M","78.0","3 Plane Localizer"
"067_S_6957","M","78.0","3 Plane Localizer"
"067_S_6957","M","78.0","3 Plane Localizer"
"067_S_6958","F","76.0","Accelerated Sagittal MPRAGE"
"067_S_6958","F","76.0","Field Mapping"
"067_S_6958","F","76.0","3 Plane Localizer"
"067_S_6958","F","76.0","3 Plane Localizer"
"067_S_6958","F","76.0","3 Plane Localizer"
"067_S_6980","M","71.6","AAHead_Scout_64ch-head-coil"
"067_S_6980","M","71.6","AAHead_Scout_64ch-head-coil_MPR_sag"
"067_S_6980","M","71.6","ADNI3 Accelerated MPRAGE"
"067_S_6980","M","71.6","ADNI3 Field Mapping"
"067_S_7059","M","57.6","Accelerated Sagittal MPRAGE"
"067_S_7059","M","57.6","Field Mapping"
"067_S_7059","M","57.6","3 Plane Localizer"
"067_S_7059","M","57.6","3 Plane Localizer"
"067_S_7059","M","57.6","3 Plane Localizer"
"067_S_7061","F","58.6","Accelerated Sagittal MPRAGE"
"067_S_7061","F","58.6","Field Mapping"
"067_S_7061","F","58.6","3 Plane Localizer"
"067_S_7061","F","58.6","3 Plane Localizer"
"067_S_7061","F","58.6","3 Plane Localizer"
"067_S_7063","F","56.3","Accelerated Sagittal MPRAGE"
"067_S_7063","F","56.3","Field Mapping"
"067_S_7063","F","56.3","3 Plane Localizer"
"067_S_7063","F","56.3","3 Plane Localizer"
"067_S_7063","F","56.3","3 Plane Localizer"
"067_S_7094","F","58.9","Accelerated Sagittal MPRAGE"
"067_S_7094","F","58.9","Field Mapping"
"067_S_7094","F","58.9","3 Plane Localizer"
"067_S_7094","F","58.9","3 Plane Localizer"
"067_S_7094","F","58.9","3 Plane Localizer"
"068_S_0127","M","70.8","ADNI       MPRAGE"
"068_S_0127","M","70.8","ADNI       MPRAGE"
"068_S_0210","F","72.5","ADNI       MPRAGE"
"068_S_0210","F","72.5","ADNI       MPRAGE"
"068_S_0473","M","72.7","ADNI       MPRAGE"
"068_S_0473","M","72.7","ADNI       MPRAGE"
"068_S_1191","M","78.9","ADNI       MPRAGE"
"068_S_1191","M","78.9","ADNI       MPRAGE"
"068_S_1191","M","79.0","ADNI       MPRAGE"
"068_S_1191","M","79.0","ADNI       MPRAGE"
"070_S_6191","F","55.6","3 Plane Localizer"
"070_S_6191","F","55.6","3 Plane Localizer"
"070_S_6191","F","55.6","3 Plane Localizer"
"070_S_6191","F","55.6","Accelerated Sagittal MPRAGE"
"070_S_6191","F","55.6","Accelerated Sagittal MPRAGE_ND"
"070_S_6191","F","55.6","Field Mapping"
"070_S_6386","F","69.0","3 Plane Localizer"
"070_S_6386","F","69.0","3 Plane Localizer"
"070_S_6386","F","69.0","3 Plane Localizer"
"070_S_6386","F","69.0","Accelerated Sagittal MPRAGE"
"070_S_6386","F","69.0","Accelerated Sagittal MPRAGE_ND"
"070_S_6386","F","69.0","Field Mapping"
"070_S_6394","F","67.2","3 Plane Localizer"
"070_S_6394","F","67.2","3 Plane Localizer"
"070_S_6394","F","67.2","3 Plane Localizer"
"070_S_6394","F","67.2","Accelerated Sagittal MPRAGE_ND"
"070_S_6394","F","67.2","Accelerated Sagittal MPRAGE"
"070_S_6394","F","67.2","Field Mapping"
"070_S_6542","F","63.2","3 Plane Localizer"
"070_S_6542","F","63.2","3 Plane Localizer"
"070_S_6542","F","63.2","3 Plane Localizer"
"070_S_6542","F","63.2","Accelerated Sagittal MPRAGE_ND"
"070_S_6542","F","63.2","Accelerated Sagittal MPRAGE"
"070_S_6542","F","63.2","Field Mapping"
"070_S_6548","F","56.5","3 Plane Localizer"
"070_S_6548","F","56.5","3 Plane Localizer"
"070_S_6548","F","56.5","3 Plane Localizer"
"070_S_6548","F","56.5","Accelerated Sagittal MPRAGE"
"070_S_6548","F","56.5","Accelerated Sagittal MPRAGE_ND"
"070_S_6548","F","56.5","Field Mapping"
"070_S_6886","F","80.4","3 Plane Localizer"
"070_S_6886","F","80.4","3 Plane Localizer"
"070_S_6886","F","80.4","3 Plane Localizer"
"070_S_6886","F","80.4","Accelerated Sagittal MPRAGE_ND"
"070_S_6886","F","80.4","Accelerated Sagittal MPRAGE"
"070_S_6886","F","80.4","Field Mapping"
"070_S_6942","F","59.8","3 Plane Localizer"
"070_S_6942","F","59.8","3 Plane Localizer"
"070_S_6942","F","59.8","3 Plane Localizer"
"070_S_6942","F","59.8","Accelerated Sagittal MPRAGE"
"070_S_6942","F","59.8","Accelerated Sagittal MPRAGE_ND"
"070_S_6942","F","59.8","Field Mapping"
"070_S_6966","M","61.6","3 Plane Localizer"
"070_S_6966","M","61.6","3 Plane Localizer"
"070_S_6966","M","61.6","3 Plane Localizer"
"070_S_6966","M","61.6","Accelerated Sagittal MPRAGE_ND"
"070_S_6966","M","61.6","Accelerated Sagittal MPRAGE"
"070_S_6966","M","61.6","Field Mapping"
"072_S_0315","M","71.6","MPRAGE SENS"
"072_S_0315","M","71.6","MPRAGE 2ND"
"072_S_0315","M","71.6","SURVEY PHAN"
"072_S_0315","M","71.6","SURVEY PHAN"
"072_S_0315","M","71.6","SURVEY PHAN"
"072_S_0315","M","71.6","SURVEY"
"072_S_0315","M","71.6","SURVEY"
"072_S_0315","M","71.6","SURVEY"
"073_S_0089","M","65.2","B1-calibration Body"
"073_S_0089","M","65.2","B1-calibration Head"
"073_S_0089","M","65.2","MPRAGE Repeat"
"073_S_0089","M","65.2","MPRAGE"
"073_S_0311","F","78.2","B1-calibration Head"
"073_S_0311","F","78.2","B1-calibration Body"
"073_S_0311","F","78.2","MPRAGE"
"073_S_0311","F","78.2","MPRAGE Repeat"
"073_S_0311","F","78.2","Localizer"
"073_S_0311","F","78.2","Localizer"
"073_S_0311","F","78.2","Localizer"
"073_S_0311","F","78.2","Localizer"
"073_S_0311","F","78.2","Localizer"
"073_S_0311","F","78.2","Localizer"
"073_S_0311","F","78.2","Localizer"
"073_S_0311","F","78.2","Localizer"
"073_S_0311","F","78.2","Localizer"
"073_S_0312","M","83.0","B1-calibration Head"
"073_S_0312","M","83.0","B1-calibration Body"
"073_S_0312","M","83.0","MPRAGE"
"073_S_0312","M","83.0","MPRAGE Repeat"
"073_S_0312","M","83.0","Localizer"
"073_S_0312","M","83.0","Localizer"
"073_S_0312","M","83.0","Localizer"
"073_S_0386","F","72.4","B1-calibration Body"
"073_S_0386","F","72.4","B1-calibration Head"
"073_S_0386","F","72.4","MPRAGE"
"073_S_0386","F","72.4","MPRAGE Repeat"
"073_S_0386","F","72.4","Localizer"
"073_S_0386","F","72.4","Localizer"
"073_S_0386","F","72.4","Localizer"
"073_S_6670","F","58.6","Field Mapping"
"073_S_6670","F","58.6","Accelerated Sagittal MPRAGE"
"073_S_6907","M","66.4","Field Mapping"
"073_S_6907","M","66.4","Accelerated Sagittal MPRAGE"
"073_S_6925","M","57.0","Accelerated Sagittal MPRAGE"
"073_S_6925","M","57.0","Field Mapping"
"073_S_6952","F","67.3","Field Mapping"
"073_S_6952","F","67.3","Accelerated Sagittal MPRAGE"
"073_S_7082","F","61.1","3 Plane Localizer"
"073_S_7082","F","61.1","3 Plane Localizer"
"073_S_7082","F","61.1","3 Plane Localizer"
"073_S_7082","F","61.1","Accelerated Sagittal MPRAGE"
"073_S_7082","F","61.1","Field Mapping"
"082_S_0304","F","70.9","B1-calibration Head"
"082_S_0304","F","70.9","B1-calibration Body"
"082_S_0304","F","70.9","MPRAGE Repeat"
"082_S_0304","F","70.9","MPRAGE"
"082_S_0304","F","70.9","Localizer"
"082_S_0304","F","70.9","Localizer"
"082_S_0304","F","70.9","Localizer"
"082_S_0304","F","70.9","B1-calibration Head"
"082_S_0304","F","70.9","B1-calibration Body"
"082_S_0304","F","70.9","PA_Multi Reset 8Chan Coil"
"082_S_0304","F","70.9","MPRAGE Repeat"
"082_S_0304","F","70.9","MPRAGE"
"082_S_0304","F","70.9","Localizer"
"082_S_0304","F","70.9","Localizer"
"082_S_0304","F","70.9","Localizer"
"082_S_0363","F","71.7","B1-calibration Head"
"082_S_0363","F","71.7","B1-calibration Body"
"082_S_0363","F","71.7","MPRAGE Repeat"
"082_S_0363","F","71.7","MPRAGE"
"082_S_0363","F","71.7","Localizer"
"082_S_0363","F","71.7","Localizer"
"082_S_0363","F","71.7","Localizer"
"082_S_0640","F","73.0","B1-calibration Head"
"082_S_0640","F","73.0","B1-calibration Body"
"082_S_0640","F","73.0","MPRAGE Repeat"
"082_S_0640","F","73.0","MPRAGE SAG"
"082_S_0640","F","73.0","Localizer"
"082_S_0640","F","73.0","Localizer"
"082_S_0640","F","73.0","Localizer"
"082_S_0640","F","73.1","B1-calibration Body"
"082_S_0640","F","73.1","B1-calibration Head"
"082_S_0640","F","73.1","PA_Multi Reset 8Chan Coil"
"082_S_0640","F","73.1","MPRAGE Repeat"
"082_S_0640","F","73.1","MPRAGE"
"082_S_0640","F","73.1","Localizer"
"082_S_0640","F","73.1","Localizer"
"082_S_0640","F","73.1","Localizer"
"082_S_0761","M","71.0","B1-calibration Head"
"082_S_0761","M","71.0","B1-calibration Body"
"082_S_0761","M","71.0","MPRAGE Repeat"
"082_S_0761","M","71.0","MPRAGE SAG"
"082_S_0761","M","71.0","Localizer"
"082_S_0761","M","71.0","Localizer"
"082_S_0761","M","71.0","Localizer"
"082_S_1256","F","71.7","B1-calibration Body"
"082_S_1256","F","71.7","B1-calibration Head"
"082_S_1256","F","71.7","MPRAGE SAG"
"082_S_1256","F","71.7","MPRAGE Repeat"
"082_S_1256","F","71.7","Localizer"
"082_S_1256","F","71.7","Localizer"
"082_S_1256","F","71.7","Localizer"
"082_S_1256","F","71.7","B1-calibration Head"
"082_S_1256","F","71.7","B1-calibration Body"
"082_S_1256","F","71.7","PA_Multi Reset 8Chan Coil"
"082_S_1256","F","71.7","MPRAGE"
"082_S_1256","F","71.7","MPRAGE Repeat"
"082_S_1256","F","71.7","Localizer"
"082_S_1256","F","71.7","Localizer"
"082_S_1256","F","71.7","Localizer"
"082_S_6197","F","71.5","3 Plane Localizer"
"082_S_6197","F","71.5","3 Plane Localizer"
"082_S_6197","F","71.5","3 Plane Localizer"
"082_S_6197","F","71.5","3 Plane Localizer"
"082_S_6197","F","71.5","3 Plane Localizer"
"082_S_6197","F","71.5","3 Plane Localizer"
"082_S_6197","F","71.5","Accelerated Sagittal MPRAGE"
"082_S_6197","F","71.5","Accelerated Sagittal MPRAGE_ND"
"082_S_6197","F","71.5","Field Mapping"
"082_S_6283","F","66.7","3 Plane Localizer"
"082_S_6283","F","66.7","3 Plane Localizer"
"082_S_6283","F","66.7","3 Plane Localizer"
"082_S_6283","F","66.7","Accelerated Sagittal MPRAGE"
"082_S_6283","F","66.7","Field Mapping"
"082_S_6287","F","69.4","3 Plane Localizer"
"082_S_6287","F","69.4","3 Plane Localizer"
"082_S_6287","F","69.4","3 Plane Localizer"
"082_S_6287","F","69.4","Accelerated Sagittal MPRAGE_ND"
"082_S_6287","F","69.4","Accelerated Sagittal MPRAGE"
"082_S_6287","F","69.4","Field Mapping"
"082_S_6415","F","72.3","3 Plane Localizer"
"082_S_6415","F","72.3","3 Plane Localizer"
"082_S_6415","F","72.3","3 Plane Localizer"
"082_S_6415","F","72.3","Accelerated Sagittal MPRAGE_ND"
"082_S_6415","F","72.3","Accelerated Sagittal MPRAGE"
"082_S_6415","F","72.3","Field Mapping"
"082_S_6563","M","68.7","3 Plane Localizer"
"082_S_6563","M","68.7","3 Plane Localizer"
"082_S_6563","M","68.7","3 Plane Localizer"
"082_S_6563","M","68.7","Accelerated Sagittal MPRAGE_ND"
"082_S_6563","M","68.7","Accelerated Sagittal MPRAGE"
"082_S_6563","M","68.7","Field Mapping"
"082_S_6564","F","71.4","3 Plane Localizer"
"082_S_6564","F","71.4","3 Plane Localizer"
"082_S_6564","F","71.4","3 Plane Localizer"
"082_S_6564","F","71.4","Accelerated Sagittal MPRAGE"
"082_S_6564","F","71.4","Accelerated Sagittal MPRAGE_ND"
"082_S_6629","F","57.0","3 Plane Localizer"
"082_S_6629","F","57.0","3 Plane Localizer"
"082_S_6629","F","57.0","3 Plane Localizer"
"082_S_6629","F","57.0","Accelerated Sagittal MPRAGE_ND"
"082_S_6629","F","57.0","Accelerated Sagittal MPRAGE"
"082_S_6629","F","57.0","Field Mapping"
"082_S_7122","F","67.4","3 Plane Localizer"
"082_S_7122","F","67.4","3 Plane Localizer"
"082_S_7122","F","67.4","3 Plane Localizer"
"082_S_7122","F","67.4","Field Mapping"
"082_S_7122","F","67.4","Accelerated Sagittal MPRAGE"
"082_S_7122","F","67.4","Accelerated Sagittal MPRAGE_ND"
"094_S_0489","F","73.9","3-plane localizer"
"094_S_0489","F","73.9","3-plane localizer"
"094_S_0489","F","73.9","3-plane localizer"
"094_S_0489","F","73.9","Axial PD/T2 FSE"
"094_S_0489","F","73.9","MP-RAGE REPEAT"
"094_S_0489","F","73.9","MP-RAGE"
"094_S_0489","F","73.9","B1-Calibration PA"
"094_S_0489","F","73.9","B1-Calibration Body"
"094_S_0526","F","85.2","3-plane localizer"
"094_S_0526","F","85.2","3-plane localizer"
"094_S_0526","F","85.2","3-plane localizer"
"094_S_0526","F","85.2","MP-RAGE REPEAT"
"094_S_0526","F","85.2","MP-RAGE"
"094_S_0526","F","85.2","B1-Calibration PA"
"094_S_0526","F","85.2","B1-Calibration Body"
"094_S_0692","F","76.9","3-plane localizer"
"094_S_0692","F","76.9","3-plane localizer"
"094_S_0692","F","76.9","3-plane localizer"
"094_S_0692","F","76.9","MP-RAGE"
"094_S_0692","F","76.9","MP-RAGE REPEAT"
"094_S_0692","F","76.9","B1-Calibration PA"
"094_S_0692","F","76.9","B1-Calibration Body"
"094_S_0711","M","77.4","3-plane localizer"
"094_S_0711","M","77.4","3-plane localizer"
"094_S_0711","M","77.4","3-plane localizer"
"094_S_0711","M","77.4","MP-RAGE"
"094_S_0711","M","77.4","MP-RAGE"
"094_S_0711","M","77.4","B1-Calibration PA"
"094_S_0711","M","77.4","B1-Calibration Body"
"094_S_1241","M","72.2","3-plane localizer"
"094_S_1241","M","72.2","3-plane localizer"
"094_S_1241","M","72.2","3-plane localizer"
"094_S_1241","M","72.2","MP-RAGE REPEAT"
"094_S_1241","M","72.2","MP-RAGE"
"094_S_1241","M","72.2","B1-Calibration PA"
"094_S_1241","M","72.2","B1-Calibration Body"
"094_S_1241","M","72.2","B1-Calibration Body"
"094_S_1241","M","72.2","B1-Calibration PA"
"094_S_1241","M","72.2","3-plane localizer"
"094_S_1241","M","72.2","3-plane localizer"
"094_S_1241","M","72.2","3-plane localizer"
"094_S_1241","M","72.2","MP-RAGE"
"094_S_1241","M","72.2","MP-RAGE"
"094_S_1267","M","73.4","3-plane localizer"
"094_S_1267","M","73.4","3-plane localizer"
"094_S_1267","M","73.4","3-plane localizer"
"094_S_1267","M","73.4","MP-RAGE"
"094_S_1267","M","73.4","MP-RAGE REPEAT"
"094_S_1267","M","73.4","B1-Calibration PA"
"094_S_1267","M","73.4","B1-Calibration Body"
"094_S_1267","M","73.4","B1-Calibration Body"
"094_S_1267","M","73.4","B1-Calibration PA"
"094_S_1267","M","73.4","3-plane localizer"
"094_S_1267","M","73.4","3-plane localizer"
"094_S_1267","M","73.4","3-plane localizer"
"094_S_1267","M","73.4","MP-RAGE"
"094_S_1267","M","73.4","MP-RAGE REPEAT"
"094_S_6250","F","72.0","Accelerated Sagittal MPRAGE"
"094_S_6250","F","72.0","Field Mapping"
"094_S_6250","F","72.0","3 Plane Localizer"
"094_S_6250","F","72.0","3 Plane Localizer"
"094_S_6250","F","72.0","3 Plane Localizer"
"094_S_6269","F","70.3","Accelerated Sagittal MPRAGE"
"094_S_6269","F","70.3","Field Mapping"
"094_S_6269","F","70.3","3 Plane Localizer"
"094_S_6269","F","70.3","3 Plane Localizer"
"094_S_6269","F","70.3","3 Plane Localizer"
"094_S_6275","F","58.4","Accelerated Sagittal MPRAGE"
"094_S_6275","F","58.4","Field Mapping"
"094_S_6275","F","58.4","3 Plane Localizer"
"094_S_6275","F","58.4","3 Plane Localizer"
"094_S_6275","F","58.4","3 Plane Localizer"
"094_S_6278","F","81.0","Accelerated Sagittal MPRAGE"
"094_S_6278","F","81.0","Field Mapping"
"094_S_6278","F","81.0","3 Plane Localizer"
"094_S_6278","F","81.0","3 Plane Localizer"
"094_S_6278","F","81.0","3 Plane Localizer"
"094_S_6417","M","77.6","Accelerated Sagittal MPRAGE"
"094_S_6417","M","77.6","Field Mapping"
"094_S_6417","M","77.6","3 Plane Localizer"
"094_S_6417","M","77.6","3 Plane Localizer"
"094_S_6417","M","77.6","3 Plane Localizer"
"094_S_6419","M","75.6","Accelerated Sagittal MPRAGE"
"094_S_6419","M","75.6","Field Mapping"
"094_S_6419","M","75.6","3 Plane Localizer"
"094_S_6419","M","75.6","3 Plane Localizer"
"094_S_6419","M","75.6","3 Plane Localizer"
"094_S_6440","F","68.1","Accelerated Sagittal MPRAGE"
"094_S_6440","F","68.1","Field Mapping"
"094_S_6440","F","68.1","3 Plane Localizer"
"094_S_6440","F","68.1","3 Plane Localizer"
"094_S_6440","F","68.1","3 Plane Localizer"
"094_S_6468","M","69.5","Accelerated Sagittal MPRAGE"
"094_S_6468","M","69.5","Field Mapping"
"094_S_6468","M","69.5","3 Plane Localizer"
"094_S_6468","M","69.5","3 Plane Localizer"
"094_S_6468","M","69.5","3 Plane Localizer"
"094_S_6485","F","71.6","Accelerated Sagittal MPRAGE"
"094_S_6485","F","71.6","Field Mapping"
"094_S_6485","F","71.6","3 Plane Localizer"
"094_S_6485","F","71.6","3 Plane Localizer"
"094_S_6485","F","71.6","3 Plane Localizer"
"098_S_0171","F","78.4","MP-RAGE"
"098_S_0171","F","78.4","MP-RAGE REPEAT"
"098_S_0171","F","78.4","B1-Calibration PA"
"098_S_0171","F","78.4","B1-Calibration Body"
"098_S_0171","F","78.4","3-plane localizer"
"098_S_0171","F","78.4","3-plane localizer"
"098_S_0171","F","78.4","3-plane localizer"
"098_S_0172","F","70.7","3-plane localizer"
"098_S_0172","F","70.7","3-plane localizer"
"098_S_0172","F","70.7","3-plane localizer"
"098_S_0172","F","70.7","MP-RAGE"
"098_S_0172","F","70.7","MP-RAGE REPEAT"
"098_S_0172","F","70.7","B1-Calibration PA"
"098_S_0172","F","70.7","B1-Calibration Body"
"098_S_0896","M","77.0","B1-Calibration Body"
"098_S_0896","M","77.0","B1-Calibration PA"
"098_S_0896","M","77.0","3-plane localizer"
"098_S_0896","M","77.0","3-plane localizer"
"098_S_0896","M","77.0","3-plane localizer"
"098_S_0896","M","77.0","MP-RAGE REPEAT"
"098_S_0896","M","77.0","MP-RAGE"
"098_S_6343","M","67.0","Cal RM:8HRBRAIN"
"098_S_6343","M","67.0","3 Plane Localizer"
"098_S_6343","M","67.0","3 Plane Localizer"
"098_S_6343","M","67.0","3 Plane Localizer"
"098_S_6343","M","67.0","3 Plane Localizer"
"098_S_6343","M","67.0","3 Plane Localizer"
"098_S_6343","M","67.0","3 Plane Localizer"
"098_S_6343","M","67.0","Sag Accel IR-FSPGR"
"098_S_6362","F","82.9","Cal RM:8HRBRAIN"
"098_S_6362","F","82.9","3 Plane Localizer"
"098_S_6362","F","82.9","3 Plane Localizer"
"098_S_6362","F","82.9","3 Plane Localizer"
"098_S_6362","F","82.9","Sag Accel IR-FSPGR"
"098_S_6734","F","73.3","3 Plane Localizer"
"098_S_6734","F","73.3","3 Plane Localizer"
"098_S_6734","F","73.3","3 Plane Localizer"
"098_S_6734","F","73.3","3 Plane Localizer"
"098_S_6734","F","73.3","3 Plane Localizer"
"098_S_6734","F","73.3","3 Plane Localizer"
"098_S_6734","F","73.3","Sag Accel IR-FSPGR"
"099_S_0040","M","73.3","Localizer"
"099_S_0040","M","73.3","Localizer"
"099_S_0040","M","73.3","Localizer"
"099_S_0040","M","73.3","MPRAGE Repeat"
"099_S_0040","M","73.3","MPRAGE"
"099_S_0040","M","73.3","B1-calibration Body"
"099_S_0040","M","73.3","B1-calibration Head"
"099_S_0040","M","73.4","B1-calibration Body"
"099_S_0040","M","73.4","B1-calibration Head"
"099_S_0040","M","73.4","MPRAGE Repeat"
"099_S_0040","M","73.4","MPRAGE"
"099_S_0090","M","70.0","B1-calibration Head"
"099_S_0090","M","70.0","B1-calibration Body"
"099_S_0090","M","70.0","MPRAGE"
"099_S_0090","M","70.0","MPRAGE Repeat"
"099_S_0352","F","77.1","B1-calibration Head"
"099_S_0352","F","77.1","B1-calibration Body"
"099_S_0352","F","77.1","MPRAGE"
"099_S_0352","F","77.1","MPRAGE Repeat"
"099_S_0533","F","81.1","B1-calibration Body"
"099_S_0533","F","81.1","B1-calibration Head"
"099_S_0533","F","81.1","MPRAGE"
"099_S_0533","F","81.1","MPRAGE Repeat"
"099_S_0533","F","81.1","Localizer(VIT E RT TEMPLE)"
"099_S_0533","F","81.1","Localizer(VIT E RT TEMPLE)"
"099_S_0533","F","81.1","Localizer(VIT E RT TEMPLE)"
"099_S_0534","M","62.9","B1-calibration Head"
"099_S_0534","M","62.9","B1-calibration Body"
"099_S_0534","M","62.9","MPRAGE"
"099_S_0534","M","62.9","MPRAGE Repeat"
"099_S_0534","M","62.9","Localizer(VIT E RT TEMPLE)"
"099_S_0534","M","62.9","Localizer(VIT E RT TEMPLE)"
"099_S_0534","M","62.9","Localizer(VIT E RT TEMPLE)"
"099_S_6016","F","65.5","Calibration Scan"
"099_S_6016","F","65.5","3 Plane Localizer"
"099_S_6016","F","65.5","3 Plane Localizer"
"099_S_6016","F","65.5","3 Plane Localizer"
"099_S_6016","F","65.5","Accelerated Sag IR-FSPGR"
"099_S_6025","F","79.7","Calibration Scan"
"099_S_6025","F","79.7","3 Plane Localizer"
"099_S_6025","F","79.7","3 Plane Localizer"
"099_S_6025","F","79.7","3 Plane Localizer"
"099_S_6025","F","79.7","Accelerated Sag IR-FSPGR"
"099_S_6038","M","77.7","Calibration Scan"
"099_S_6038","M","77.7","3 Plane Localizer"
"099_S_6038","M","77.7","3 Plane Localizer"
"099_S_6038","M","77.7","3 Plane Localizer"
"099_S_6038","M","77.7","Accelerated Sag IR-FSPGR"
"099_S_6077","F","58.9","Calibration Scan"
"099_S_6077","F","58.9","3 Plane Localizer"
"099_S_6077","F","58.9","3 Plane Localizer"
"099_S_6077","F","58.9","3 Plane Localizer"
"099_S_6077","F","58.9","Accelerated Sag IR-FSPGR"
"099_S_6097","M","74.6","Calibration Scan"
"099_S_6097","M","74.6","3 Plane Localizer"
"099_S_6097","M","74.6","3 Plane Localizer"
"099_S_6097","M","74.6","3 Plane Localizer"
"099_S_6097","M","74.6","Accelerated Sag IR-FSPGR"
"099_S_6175","F","69.3","Calibration Scan"
"099_S_6175","F","69.3","3 Plane Localizer"
"099_S_6175","F","69.3","3 Plane Localizer"
"099_S_6175","F","69.3","3 Plane Localizer"
"099_S_6175","F","69.3","Accelerated Sag IR-FSPGR"
"099_S_6396","F","75.3","Calibration Scan"
"099_S_6396","F","75.3","3 Plane Localizer"
"099_S_6396","F","75.3","3 Plane Localizer"
"099_S_6396","F","75.3","3 Plane Localizer"
"099_S_6396","F","75.3","Accelerated Sag IR-FSPGR"
"099_S_6476","M","75.2","Calibration Scan"
"099_S_6476","M","75.2","3 Plane Localizer"
"099_S_6476","M","75.2","3 Plane Localizer"
"099_S_6476","M","75.2","3 Plane Localizer"
"099_S_6476","M","75.2","3 Plane Localizer"
"099_S_6476","M","75.2","3 Plane Localizer"
"099_S_6476","M","75.2","3 Plane Localizer"
"099_S_6476","M","75.2","Accelerated Sag IR-FSPGR"
"100_S_0015","M","80.9","ADNI STUDY MPRAGE1"
"100_S_0015","M","80.9","ADNI STUDY MPRAGE2"
"100_S_0015","M","81.0","ADNI_new   MPRAGErepeat"
"100_S_0015","M","81.0","ADNI_new   MPRAGE"
"100_S_0035","M","77.0","ADNI STUDY MPRAGE1"
"100_S_0035","M","77.0","ADNI STUDY MPRAGE2"
"100_S_0047","M","84.8","ADNI STUDY MPRAGE2"
"100_S_0047","M","84.8","ADNI STUDY MPRAGE1"
"100_S_0069","M","73.0","ADNI STUDY MPRAGE1"
"100_S_0069","M","73.0","ADNI STUDY MPRAGE2"
"100_S_1286","F","75.7","ADNI-R11   MPRAGE"
"100_S_1286","F","75.7","ADNI-R11   MPRAGE-REPEA"
"100_S_1286","F","75.7","ADNI_new   MPRAGE"
"100_S_1286","F","75.7","ADNI_new   MPRAGErepeat"
"100_S_6164","F","68.9","Axial Field Mapping"
"100_S_6164","F","68.9","Sagittal 3D Accelerated MPRAGE"
"100_S_6273","F","65.9","Axial Field Mapping"
"100_S_6273","F","65.9","Sagittal 3D Accelerated MPRAGE"
"100_S_6308","M","70.7","Axial Field Mapping"
"100_S_6308","M","70.7","Sagittal 3D Accelerated MPRAGE"
"100_S_6349","M","73.8","Axial Field Mapping"
"100_S_6349","M","73.8","Sagittal 3D Accelerated MPRAGE"
"100_S_6493","M","79.6","Axial Field Mapping"
"100_S_6493","M","79.6","Sagittal 3D Accelerated MPRAGE"
"100_S_6578","M","66.9","Axial Field Mapping"
"100_S_6578","M","66.9","Sagittal 3D Accelerated MPRAGE"
"109_S_0840","F","76.2","B1-calibration Body"
"109_S_0840","F","76.2","B1-calibration Head"
"109_S_0840","F","76.2","MPRAGE"
"109_S_0840","F","76.2","MPRAGE Repeat"
"109_S_0840","F","76.2","Localizer"
"109_S_0840","F","76.2","Localizer"
"109_S_0840","F","76.2","Localizer"
"109_S_0876","F","76.1","B1-calibration Head"
"109_S_0876","F","76.1","B1-calibration Body"
"109_S_0876","F","76.1","MPRAGE"
"109_S_0876","F","76.1","MPRAGE Repeat"
"109_S_0876","F","76.1","Localizer"
"109_S_0876","F","76.1","Localizer"
"109_S_0876","F","76.1","Localizer"
"109_S_0967","M","77.0","B1-calibration Body"
"109_S_0967","M","77.0","B1-calibration Head"
"109_S_0967","M","77.0","MPRAGE Repeat"
"109_S_0967","M","77.0","MPRAGE"
"109_S_0967","M","77.0","Localizer"
"109_S_0967","M","77.0","Localizer"
"109_S_0967","M","77.0","Localizer"
"109_S_1013","M","77.9","B1-calibration Body"
"109_S_1013","M","77.9","B1-calibration Head"
"109_S_1013","M","77.9","MPRAGE Repeat"
"109_S_1013","M","77.9","MPRAGE"
"109_S_1014","F","85.0","B1-calibration Head"
"109_S_1014","F","85.0","B1-calibration Body"
"109_S_1014","F","85.0","MPRAGE Repeat"
"109_S_1014","F","85.0","MPRAGE"
"109_S_6213","M","70.9","Field Mapping"
"109_S_6213","M","70.9","Accelerated Sagittal MPRAGE"
"109_S_6213","M","70.9","3 Plane Localizer"
"109_S_6213","M","70.9","3 Plane Localizer"
"109_S_6213","M","70.9","3 Plane Localizer"
"109_S_6213","M","70.9","Accelerated Sagittal MPRAGE_ND"
"109_S_6218","F","62.6","3 Plane Localizer"
"109_S_6218","F","62.6","3 Plane Localizer"
"109_S_6218","F","62.6","3 Plane Localizer"
"109_S_6218","F","62.6","Accelerated Sagittal MPRAGE"
"109_S_6218","F","62.6","Accelerated Sagittal MPRAGE_ND"
"109_S_6218","F","62.6","Field Mapping"
"109_S_6405","F","70.9","Field Mapping"
"109_S_6405","F","70.9","3 Plane Localizer"
"109_S_6405","F","70.9","3 Plane Localizer"
"109_S_6405","F","70.9","3 Plane Localizer"
"109_S_6405","F","70.9","Accelerated Sagittal MPRAGE"
"109_S_6405","F","70.9","Accelerated Sagittal MPRAGE_ND"
"114_S_0166","F","72.6","B1-calibration Head"
"114_S_0166","F","72.6","B1-calibration Body"
"114_S_0166","F","72.6","B1-calibration Head"
"114_S_0166","F","72.6","MPRAGE Repeat"
"114_S_0166","F","72.6","MPRAGE"
"114_S_0166","F","72.6","Localizer"
"114_S_0166","F","72.6","Localizer"
"114_S_0166","F","72.6","Localizer"
"114_S_0173","M","73.3","B1-calibration Body"
"114_S_0173","M","73.3","B1-calibration Head"
"114_S_0173","M","73.3","MPRAGE"
"114_S_0173","M","73.3","MPRAGE Repeat"
"114_S_0173","M","73.3","Localizer"
"114_S_0173","M","73.3","Localizer"
"114_S_0173","M","73.3","Localizer"
"114_S_0416","F","72.7","B1-calibration Body"
"114_S_0416","F","72.7","B1-calibration Head"
"114_S_0416","F","72.7","MPRAGE"
"114_S_0416","F","72.7","MPRAGE Repeat"
"114_S_0416","F","72.7","Localizer"
"114_S_0416","F","72.7","Localizer"
"114_S_0416","F","72.7","Localizer"
"114_S_0601","F","76.7","B1-calibration Body"
"114_S_0601","F","76.7","B1-calibration Head"
"114_S_0601","F","76.7","MPRAGE Repeat"
"114_S_0601","F","76.7","MPRAGE"
"114_S_0601","F","76.7","Localizer"
"114_S_0601","F","76.7","Localizer"
"114_S_0601","F","76.7","Localizer"
"114_S_0601","F","76.7","Localizer"
"114_S_0601","F","76.7","Localizer"
"114_S_0601","F","76.7","Localizer"
"114_S_6057","F","71.8","Accelerated Sagittal MPRAGE"
"114_S_6057","F","71.8","Field Mapping"
"114_S_6063","F","74.3","Field Mapping"
"114_S_6063","F","74.3","Accelerated Sagittal MPRAGE"
"114_S_6113","M","76.5","Field Mapping"
"114_S_6113","M","76.5","Accelerated Sagittal MPRAGE_ND"
"114_S_6113","M","76.5","Accelerated Sagittal MPRAGE"
"114_S_6113","M","76.5","3 Plane Localizer"
"114_S_6251","F","65.6","Field Mapping"
"114_S_6251","F","65.6","Accelerated Sagittal MPRAGE"
"114_S_6309","F","65.2","Accelerated Sagittal MPRAGE"
"114_S_6309","F","65.2","Field Mapping"
"114_S_6309","F","65.2","Accelerated Sagittal MPRAGE_ND"
"114_S_6429","F","69.0","Accelerated Sagittal MPRAGE"
"114_S_6462","M","70.0","Accelerated Sagittal MPRAGE"
"114_S_6462","M","70.0","Field Mapping"
"114_S_6487","M","68.5","Field Mapping"
"114_S_6487","M","68.5","Accelerated Sagittal MPRAGE"
"114_S_6524","F","66.7","Field Mapping"
"114_S_6524","F","66.7","Accelerated Sagittal MPRAGE"
"114_S_6813","M","67.2","Field Mapping"
"114_S_6813","M","67.2","Accelerated Sagittal MPRAGE"
"114_S_6917","F","64.3","Accelerated Sagittal MPRAGE"
"114_S_6917","F","64.3","Field Mapping"
"116_S_0360","M","73.2","Head,3-P,2D,LOCALIZER"
"116_S_0360","M","73.2","MP-RAGE"
"116_S_0360","M","73.2","MP-RAGE Repeat"
"116_S_0382","F","75.6","Head,3-P,2D,LOCALIZER"
"116_S_0382","F","75.6","MP-RAGE"
"116_S_0382","F","75.6","MP-RAGE-Repeat"
"116_S_0382","F","75.7","Localizer"
"116_S_0382","F","75.7","Localizer"
"116_S_0382","F","75.7","Localizer"
"116_S_0382","F","75.7","MPRAGE"
"116_S_0382","F","75.7","MPRAGE Repeat"
"116_S_0382","F","75.7","B1-calibration Head"
"116_S_0382","F","75.7","B1-calibration Body"
"116_S_0382","F","75.7","Axial PD-T2 TSE"
"116_S_0648","F","71.6","MP-RAGE"
"116_S_0648","F","71.6","MP-RAGE-Repeat"
"116_S_0657","F","77.9","MP-RAGE"
"116_S_0657","F","77.9","MP-RAGE-Repeat"
"116_S_1232","F","72.2","MP-RAGE"
"116_S_1232","F","72.2","MP-RAGE-Repeat"
"116_S_1232","F","72.3","MPRAGE"
"116_S_1232","F","72.3","MPRAGE Repeat"
"116_S_1232","F","72.3","B1-calibration Head"
"116_S_1232","F","72.3","B1-calibration Body"
"116_S_1249","F","70.9","MP-RAGE"
"116_S_1249","F","70.9","MP-RAGE-Repeat"
"116_S_1249","F","71.0","MPRAGE"
"116_S_1249","F","71.0","MPRAGE Repeat"
"116_S_1249","F","71.0","B1-calibration Head"
"116_S_1249","F","71.0","B1-calibration Body"
"116_S_6119","F","67.1","3 Plane Localizer"
"116_S_6119","F","67.1","3 Plane Localizer"
"116_S_6119","F","67.1","3 Plane Localizer"
"116_S_6119","F","67.1","Accelerated Sagittal MPRAGE"
"116_S_6119","F","67.1","Accelerated Sagittal MPRAGE_ND"
"116_S_6119","F","67.1","Field Mapping"
"116_S_6129","F","62.2","3 Plane Localizer"
"116_S_6129","F","62.2","3 Plane Localizer"
"116_S_6129","F","62.2","3 Plane Localizer"
"116_S_6129","F","62.2","Accelerated Sagittal MPRAGE"
"116_S_6129","F","62.2","Accelerated Sagittal MPRAGE_ND"
"116_S_6129","F","62.2","Field Mapping"
"116_S_6133","F","69.4","3 Plane Localizer"
"116_S_6133","F","69.4","3 Plane Localizer"
"116_S_6133","F","69.4","3 Plane Localizer"
"116_S_6133","F","69.4","Accelerated Sagittal MPRAGE_ND"
"116_S_6133","F","69.4","Accelerated Sagittal MPRAGE"
"116_S_6133","F","69.4","Field Mapping"
"116_S_6439","F","65.9","3 Plane Localizer"
"116_S_6439","F","65.9","3 Plane Localizer"
"116_S_6439","F","65.9","3 Plane Localizer"
"116_S_6439","F","65.9","Accelerated Sagittal MPRAGE"
"116_S_6439","F","65.9","Accelerated Sagittal MPRAGE_ND"
"116_S_6439","F","65.9","Field Mapping"
"116_S_6458","M","73.7","3 Plane Localizer"
"116_S_6458","M","73.7","3 Plane Localizer"
"116_S_6458","M","73.7","3 Plane Localizer"
"116_S_6458","M","73.7","Accelerated Sagittal MPRAGE"
"116_S_6458","M","73.7","Accelerated Sagittal MPRAGE_ND"
"116_S_6458","M","73.7","Field Mapping"
"116_S_6517","F","69.5","3 Plane Localizer"
"116_S_6517","F","69.5","3 Plane Localizer"
"116_S_6517","F","69.5","3 Plane Localizer"
"116_S_6517","F","69.5","3 Plane Localizer"
"116_S_6517","F","69.5","3 Plane Localizer"
"116_S_6517","F","69.5","3 Plane Localizer"
"116_S_6517","F","69.5","Accelerated Sagittal MPRAGE_ND"
"116_S_6517","F","69.5","Accelerated Sagittal MPRAGE"
"116_S_6517","F","69.5","Field Mapping"
"116_S_6537","F","71.4","3 Plane Localizer"
"116_S_6537","F","71.4","3 Plane Localizer"
"116_S_6537","F","71.4","3 Plane Localizer"
"116_S_6537","F","71.4","Accelerated Sagittal MPRAGE"
"116_S_6537","F","71.4","Accelerated Sagittal MPRAGE_ND"
"116_S_6537","F","71.4","Field Mapping"
"116_S_6624","M","65.4","3 Plane Localizer"
"116_S_6624","M","65.4","3 Plane Localizer"
"116_S_6624","M","65.4","3 Plane Localizer"
"116_S_6624","M","65.4","3 Plane Localizer"
"116_S_6624","M","65.4","3 Plane Localizer"
"116_S_6624","M","65.4","3 Plane Localizer"
"116_S_6624","M","65.4","Accelerated Sagittal MPRAGE"
"116_S_6624","M","65.4","Accelerated Sagittal MPRAGE_ND"
"116_S_6624","M","65.4","Field Mapping"
"116_S_6750","M","74.5","3 Plane Localizer"
"116_S_6750","M","74.5","3 Plane Localizer"
"116_S_6750","M","74.5","3 Plane Localizer"
"116_S_6750","M","74.5","Accelerated Sagittal MPRAGE_ND"
"116_S_6750","M","74.5","Accelerated Sagittal MPRAGE"
"116_S_6750","M","74.5","Field Mapping"
"123_S_0072","M","70.7","ADNI       DOUBLE TSE2"
"123_S_0072","M","70.7","ADNI       MPRAGE"
"123_S_0072","M","70.7","ADNI       MPRAGEREPEAT"
"123_S_0072","M","70.7","ADNI       *SCOUT"
"123_S_0072","M","70.7","ADNI       *SCOUT"
"123_S_0072","M","70.7","ADNI       *SCOUT"
"123_S_0106","F","73.3","ADNI       MPRAGE"
"123_S_0106","F","73.3","ADNI       MPRAGEREPEAT"
"123_S_0106","F","73.3","ADNI       *SCOUT"
"123_S_0106","F","73.3","ADNI       *SCOUT"
"123_S_0106","F","73.3","ADNI       *SCOUT"
"123_S_0113","M","75.3","ADNI       MPRAGE"
"123_S_0113","M","75.3","ADNI       MPRAGEREPEAT"
"123_S_0113","M","75.3","ADNI       *SCOUT"
"123_S_0113","M","75.3","ADNI       *SCOUT"
"123_S_0113","M","75.3","ADNI       *SCOUT"
"123_S_0298","M","76.6","ADNI       DOUBLE TSE"
"123_S_0298","M","76.6","ADNI       MPRAGE"
"123_S_0298","M","76.6","ADNI       MPRAGEREPEAT"
"123_S_0298","M","76.6","ADNI       *SCOUT"
"123_S_0298","M","76.6","ADNI       *SCOUT"
"123_S_0298","M","76.6","ADNI       *SCOUT"
"123_S_6118","F","74.7","Axial Field Mapping"
"123_S_6118","F","74.7","Sagittal 3D Accelerated MPRAGE"
"123_S_6118","F","74.7","3 Plane Localizer"
"126_S_0405","M","76.2","B1-Calibration HEAD"
"126_S_0405","M","76.2","B1-Calibration Body"
"126_S_0405","M","76.2","3-plane localizer"
"126_S_0405","M","76.2","MP-RAGE REPEAT"
"126_S_0405","M","76.2","MP-RAGE REPEAT #3"
"126_S_0405","M","76.2","SAG MP-RAGE"
"126_S_0405","M","76.3","B1-Calibration Body"
"126_S_0405","M","76.3","B1-Calibration PA"
"126_S_0405","M","76.3","MP-RAGE-REPEAT"
"126_S_0405","M","76.3","MP-RAGE"
"126_S_0405","M","76.3","MP-RAGE"
"126_S_0506","F","71.6","B1-Calibration Body"
"126_S_0506","F","71.6","B1-Calibration HEAD"
"126_S_0506","F","71.6","SAG MP-RAGE"
"126_S_0506","F","71.6","MP-RAGE REPEAT"
"126_S_0605","F","75.7","B1-Calibration HEAD"
"126_S_0605","F","75.7","B1-Calibration Body"
"126_S_0605","F","75.7","SAG MP-RAGE"
"126_S_0605","F","75.7","MP-RAGE REPEAT"
"126_S_0605","F","75.7","B1-Calibration Body"
"126_S_0605","F","75.7","B1-Calibration PA"
"126_S_0605","F","75.7","MP-RAGE-REPEAT"
"126_S_0605","F","75.7","MP-RAGE"
"126_S_0680","M","77.9","B1-Calibration HEAD"
"126_S_0680","M","77.9","B1-Calibration Body"
"126_S_0680","M","77.9","SAG MP-RAGE"
"126_S_0680","M","77.9","MP-RAGE REPEAT"
"126_S_6559","F","66.3","Cal 8HRBRAIN"
"126_S_6559","F","66.3","3 Plane Localizer"
"126_S_6559","F","66.3","3 Plane Localizer"
"126_S_6559","F","66.3","3 Plane Localizer"
"126_S_6559","F","66.3","3 Plane Localizer"
"126_S_6559","F","66.3","3 Plane Localizer"
"126_S_6559","F","66.3","3 Plane Localizer"
"126_S_6559","F","66.3","Accelerated Sagittal IR-FSPGR"
"127_S_0259","M","70.7","B1-Calibration PA"
"127_S_0259","M","70.7","B1-Calibration Body"
"127_S_0259","M","70.7","3-plane localizer"
"127_S_0259","M","70.7","3-plane localizer"
"127_S_0259","M","70.7","3-plane localizer"
"127_S_0259","M","70.7","MP-RAGE REPEAT"
"127_S_0259","M","70.7","MP-RAGE"
"127_S_0260","F","78.8","B1-Calibration Body"
"127_S_0260","F","78.8","B1-Calibration PA"
"127_S_0260","F","78.8","3-plane localizer"
"127_S_0260","F","78.8","3-plane localizer"
"127_S_0260","F","78.8","3-plane localizer"
"127_S_0260","F","78.8","3-plane localizer"
"127_S_0260","F","78.8","3-plane localizer"
"127_S_0260","F","78.8","3-plane localizer"
"127_S_0260","F","78.8","MP-RAGE"
"127_S_0260","F","78.8","MP-RAGE REPEAT"
"127_S_0260","F","78.9","B1-Calibration PA"
"127_S_0260","F","78.9","B1-Calibration Body"
"127_S_0260","F","78.9","3-plane localizer"
"127_S_0260","F","78.9","3-plane localizer"
"127_S_0260","F","78.9","3-plane localizer"
"127_S_0260","F","78.9","MP-RAGE"
"127_S_0260","F","78.9","MP-RAGE REPEAT"
"127_S_0622","F","74.7","B1-Calibration Body"
"127_S_0622","F","74.7","B1-Calibration PA"
"127_S_0622","F","74.7","3-plane localizer"
"127_S_0622","F","74.7","3-plane localizer"
"127_S_0622","F","74.7","3-plane localizer"
"127_S_0622","F","74.7","3-plane localizer"
"127_S_0622","F","74.7","3-plane localizer"
"127_S_0622","F","74.7","3-plane localizer"
"127_S_0622","F","74.7","MP-RAGE REPEAT"
"127_S_0622","F","74.7","MP-RAGE"
"127_S_0622","F","74.7","B1-Calibration Body"
"127_S_0622","F","74.7","B1-Calibration PA"
"127_S_0622","F","74.7","3-plane localizer"
"127_S_0622","F","74.7","3-plane localizer"
"127_S_0622","F","74.7","3-plane localizer"
"127_S_0622","F","74.7","MP-RAGE REPEAT"
"127_S_0622","F","74.7","MP-RAGE"
"127_S_0684","F","77.5","B1-Calibration PA"
"127_S_0684","F","77.5","B1-Calibration Body"
"127_S_0684","F","77.5","3-plane localizer"
"127_S_0684","F","77.5","3-plane localizer"
"127_S_0684","F","77.5","3-plane localizer"
"127_S_0684","F","77.5","3-plane localizer"
"127_S_0684","F","77.5","3-plane localizer"
"127_S_0684","F","77.5","3-plane localizer"
"127_S_0684","F","77.5","MP-RAGE REPEAT"
"127_S_0684","F","77.5","MP-RAGE"
"127_S_6024","F","67.4","3 Plane Localizer"
"127_S_6024","F","67.4","3 Plane Localizer"
"127_S_6024","F","67.4","3 Plane Localizer"
"127_S_6024","F","67.4","Accelerated Sagittal IR-FSPGR"
"127_S_6024","F","67.4","Calibration Scan"
"127_S_6147","M","69.7","3 Plane Localizer"
"127_S_6147","M","69.7","3 Plane Localizer"
"127_S_6147","M","69.7","3 Plane Localizer"
"127_S_6147","M","69.7","Accelerated Sagittal IR-FSPGR"
"127_S_6147","M","69.7","Calibration Scan"
"127_S_6168","F","76.0","Calibration Scan"
"127_S_6168","F","76.0","3 Plane Localizer"
"127_S_6168","F","76.0","3 Plane Localizer"
"127_S_6168","F","76.0","3 Plane Localizer"
"127_S_6168","F","76.0","Accelerated Sagittal IR-FSPGR"
"127_S_6173","F","70.5","Calibration Scan"
"127_S_6173","F","70.5","3 Plane Localizer"
"127_S_6173","F","70.5","3 Plane Localizer"
"127_S_6173","F","70.5","3 Plane Localizer"
"127_S_6173","F","70.5","Accelerated Sagittal IR-FSPGR"
"127_S_6203","F","67.6","Calibration Scan"
"127_S_6203","F","67.6","3 Plane Localizer"
"127_S_6203","F","67.6","3 Plane Localizer"
"127_S_6203","F","67.6","3 Plane Localizer"
"127_S_6203","F","67.6","Accelerated Sagittal IR-FSPGR"
"127_S_6232","F","65.3","Calibration Scan"
"127_S_6232","F","65.3","3 Plane Localizer"
"127_S_6232","F","65.3","3 Plane Localizer"
"127_S_6232","F","65.3","3 Plane Localizer"
"127_S_6232","F","65.3","Accelerated Sagittal IR-FSPGR"
"127_S_6330","M","70.3","Calibration Scan"
"127_S_6330","M","70.3","3 Plane Localizer"
"127_S_6330","M","70.3","3 Plane Localizer"
"127_S_6330","M","70.3","3 Plane Localizer"
"127_S_6330","M","70.3","Accelerated Sagittal IR-FSPGR"
"127_S_6348","F","69.6","Calibration Scan"
"127_S_6348","F","69.6","3 Plane Localizer"
"127_S_6348","F","69.6","3 Plane Localizer"
"127_S_6348","F","69.6","3 Plane Localizer"
"127_S_6348","F","69.6","Accelerated Sagittal IR-FSPGR"
"127_S_6357","F","67.8","Accelerated Sagittal IR-FSPGR"
"127_S_6357","F","67.8","Calibration Scan"
"127_S_6357","F","67.8","3 Plane Localizer"
"127_S_6357","F","67.8","3 Plane Localizer"
"127_S_6357","F","67.8","3 Plane Localizer"
"127_S_6436","F","69.8","Calibration Scan"
"127_S_6436","F","69.8","3 Plane Localizer"
"127_S_6436","F","69.8","3 Plane Localizer"
"127_S_6436","F","69.8","3 Plane Localizer"
"127_S_6436","F","69.8","Accelerated Sagittal IR-FSPGR"
"127_S_6436","F","69.8","Accelerated Sagittal IR-FSPGR"
"128_S_0229","F","74.5","Head,3-P,2D,LOCALIZER"
"128_S_0229","F","74.5","MP-RAGE-Repeat"
"128_S_0229","F","74.5","MP-RAGE"
"128_S_0230","M","80.1","Head,3-P,2D,LOCALIZER"
"128_S_0230","M","80.1","MP-RAGE-Repeat"
"128_S_0230","M","80.1","MP-RAGE"
"128_S_0245","F","73.9","Head,3-P,2D,LOCALIZER"
"128_S_0245","F","73.9","MP-RAGE"
"128_S_0245","F","73.9","MP-RAGE-Repeat"
"128_S_0272","F","70.5","Head,3-P,2D,LOCALIZER"
"128_S_0272","F","70.5","MP-RAGE-Repeat"
"128_S_0272","F","70.5","MP-RAGE"
"128_S_0500","M","77.5","Head,3-P,2D,LOCALIZER"
"128_S_0500","M","77.5","MP-RAGE"
"128_S_0500","M","77.5","MP-RAGE-Repeat"
"128_S_0522","M","70.0","Head,3-P,2D,LOCALIZER"
"128_S_0522","M","70.0","MP-RAGE-Repeat"
"128_S_0522","M","70.0","MP-RAGE"
"128_S_0545","M","71.9","Head,3-P,2D,LOCALIZER"
"128_S_0545","M","71.9","MP-RAGE"
"128_S_0545","M","71.9","MP-RAGE-Repeat"
"128_S_0863","M","79.3","B1-calibration Body"
"128_S_0863","M","79.3","B1-calibration Head"
"128_S_0863","M","79.3","MPRAGE"
"128_S_0863","M","79.3","MPRAGE Repeat"
"128_S_0863","M","79.3","Localizer"
"128_S_0863","M","79.3","Localizer"
"128_S_0863","M","79.3","Localizer"
"128_S_1242","F","71.2","SAG B1 CALIBRATION BODY"
"128_S_1242","F","71.2","SAG B1 CALIBRATION HEAD"
"128_S_1242","F","71.2","SAG 3D MPRAGE"
"128_S_1242","F","71.2","REPEAT SAG 3D MPRAGE"
"128_S_1242","F","71.2","LOC"
"128_S_1242","F","71.2","LOC"
"128_S_1242","F","71.2","LOC"
"128_S_1242","F","71.2","B1-calibration Body"
"128_S_1242","F","71.2","B1-calibration Head"
"128_S_1242","F","71.2","MPRAGE"
"128_S_1242","F","71.2","MPRAGE Repeat"
"128_S_1242","F","71.2","Localizer"
"128_S_1242","F","71.2","Localizer"
"128_S_1242","F","71.2","Localizer"
"129_S_0778","M","72.6","MP-RAGE"
"129_S_0778","M","72.6","MP-RAGE-Repeat"
"129_S_6082","F","67.9","Calibration Scan"
"129_S_6082","F","67.9","3 Plane Localizer"
"129_S_6082","F","67.9","3 Plane Localizer"
"129_S_6082","F","67.9","3 Plane Localizer"
"129_S_6082","F","67.9","Accelerated Sag IR-FSPGR"
"129_S_6146","F","65.5","Calibration Scan"
"129_S_6146","F","65.5","3 Plane Localizer"
"129_S_6146","F","65.5","3 Plane Localizer"
"129_S_6146","F","65.5","3 Plane Localizer"
"129_S_6146","F","65.5","Accelerated Sag IR-FSPGR"
"129_S_6228","F","75.1","Calibration Scan"
"129_S_6228","F","75.1","3 Plane Localizer"
"129_S_6228","F","75.1","3 Plane Localizer"
"129_S_6228","F","75.1","3 Plane Localizer"
"129_S_6228","F","75.1","Accelerated Sag IR-FSPGR"
"129_S_6244","M","66.7","Calibration Scan"
"129_S_6244","M","66.7","3 Plane Localizer"
"129_S_6244","M","66.7","3 Plane Localizer"
"129_S_6244","M","66.7","3 Plane Localizer"
"129_S_6244","M","66.7","Accelerated Sag IR-FSPGR"
"129_S_6244","M","66.7","Accelerated Sag IR-FSPGR"
"129_S_6288","F","72.6","Calibration Scan"
"129_S_6288","F","72.6","3 Plane Localizer"
"129_S_6288","F","72.6","3 Plane Localizer"
"129_S_6288","F","72.6","3 Plane Localizer"
"129_S_6288","F","72.6","Accelerated Sag IR-FSPGR"
"129_S_6288","F","72.6","Accelerated Sag IR-FSPGR"
"129_S_6304","F","66.3","Calibration Scan"
"129_S_6304","F","66.3","3 Plane Localizer"
"129_S_6304","F","66.3","3 Plane Localizer"
"129_S_6304","F","66.3","3 Plane Localizer"
"129_S_6304","F","66.3","Accelerated Sag IR-FSPGR"
"129_S_6452","F","62.3","Calibration Scan"
"129_S_6452","F","62.3","3 Plane Localizer"
"129_S_6452","F","62.3","3 Plane Localizer"
"129_S_6452","F","62.3","3 Plane Localizer"
"129_S_6452","F","62.3","Accelerated Sag IR-FSPGR"
"129_S_6457","M","74.6","Calibration Scan"
"129_S_6457","M","74.6","3 Plane Localizer"
"129_S_6457","M","74.6","3 Plane Localizer"
"129_S_6457","M","74.6","3 Plane Localizer"
"129_S_6457","M","74.6","Accelerated Sag IR-FSPGR"
"129_S_6459","F","66.0","Calibration Scan"
"129_S_6459","F","66.0","3 Plane Localizer"
"129_S_6459","F","66.0","3 Plane Localizer"
"129_S_6459","F","66.0","3 Plane Localizer"
"129_S_6459","F","66.0","Accelerated Sag IR-FSPGR"
"129_S_6621","F","57.5","Calibration Scan"
"129_S_6621","F","57.5","3 Plane Localizer"
"129_S_6621","F","57.5","3 Plane Localizer"
"129_S_6621","F","57.5","3 Plane Localizer"
"129_S_6621","F","57.5","3 Plane Localizer"
"129_S_6621","F","57.5","3 Plane Localizer"
"129_S_6621","F","57.5","3 Plane Localizer"
"129_S_6621","F","57.5","Accelerated Sag IR-FSPGR"
"129_S_6704","F","65.4","Calibration Scan"
"129_S_6704","F","65.4","3 Plane Localizer"
"129_S_6704","F","65.4","3 Plane Localizer"
"129_S_6704","F","65.4","3 Plane Localizer"
"129_S_6704","F","65.4","Accelerated Sag IR-FSPGR"
"129_S_7042","F","61.7","Calibration Scan"
"129_S_7042","F","61.7","3 Plane Localizer"
"129_S_7042","F","61.7","3 Plane Localizer"
"129_S_7042","F","61.7","3 Plane Localizer"
"129_S_7042","F","61.7","Accelerated Sag IR-FSPGR"
"130_S_0232","M","78.1","B1-Calibration PA"
"130_S_0232","M","78.1","B1-Calibration Body"
"130_S_0232","M","78.1","3-plane localizer"
"130_S_0232","M","78.1","MP-RAGE REPEAT"
"130_S_0232","M","78.1","MP-RAGE"
"130_S_0886","F","71.4","B1-Calibration Body"
"130_S_0886","F","71.4","B1-Calibration PA"
"130_S_0886","F","71.4","SAG MP-RAGE REPEAT"
"130_S_0886","F","71.4","SAG MP-RAGE"
"130_S_0886","F","71.4","MPRAGE SENSE repeat"
"130_S_0886","F","71.4","MPRAGE SENSE"
"130_S_0886","F","71.4","SURVEY"
"130_S_0886","F","71.4","SURVEY"
"130_S_0886","F","71.4","SURVEY"
"130_S_0969","M","70.1","B1-Calibration Body"
"130_S_0969","M","70.1","B1-Calibration PA"
"130_S_0969","M","70.1","SAG MP-RAGE"
"130_S_0969","M","70.1","SAG MP-RAGE REPEAT"
"130_S_0969","M","70.1","MPRAGE SENSE repeat"
"130_S_0969","M","70.1","MPRAGE SENSE"
"130_S_0969","M","70.1","SURVEY"
"130_S_0969","M","70.1","SURVEY"
"130_S_0969","M","70.1","SURVEY"
"130_S_0969","M","70.1","SURVEY"
"130_S_0969","M","70.1","SURVEY"
"130_S_0969","M","70.1","SURVEY"
"130_S_0969","M","70.1","SURVEY"
"130_S_0969","M","70.1","SURVEY"
"130_S_1200","M","84.6","B1-Calibration Body"
"130_S_1200","M","84.6","B1-Calibration PA"
"130_S_1200","M","84.6","SAG MP-RAGE"
"130_S_1200","M","84.6","SAG MP-RAGE REPEAT"
"130_S_6019","M","81.7","Axial Field Mapping"
"130_S_6019","M","81.7","Sagittal 3D Accelerated MPRAGE"
"130_S_6027","F","76.0","Axial Field Mapping"
"130_S_6027","F","76.0","Sagittal 3D Accelerated MPRAGE"
"130_S_6027","F","76.0","Sagittal 3D Accelerated MPRAGE"
"130_S_6027","F","76.0","3 Plane Localizer"
"130_S_6027","F","76.0","3 Plane Localizer"
"130_S_6027","F","76.0","3 Plane Localizer"
"130_S_6027","F","76.0","3 Plane Localizer"
"130_S_6027","F","76.0","3 Plane Localizer"
"130_S_6027","F","76.0","3 Plane Localizer"
"130_S_6035","M","84.2","Axial Field Mapping"
"130_S_6035","M","84.2","Sagittal 3D Accelerated MPRAGE"
"130_S_6035","M","84.2","3 Plane Localizer"
"130_S_6035","M","84.2","3 Plane Localizer"
"130_S_6035","M","84.2","3 Plane Localizer"
"130_S_6035","M","84.2","3 Plane Localizer"
"130_S_6035","M","84.2","3 Plane Localizer"
"130_S_6035","M","84.2","3 Plane Localizer"
"130_S_6035","M","84.2","3 Plane Localizer"
"130_S_6035","M","84.2","3 Plane Localizer"
"130_S_6035","M","84.2","3 Plane Localizer"
"130_S_6037","M","67.1","Axial Field Mapping"
"130_S_6037","M","67.1","Sagittal 3D Accelerated MPRAGE"
"130_S_6043","M","78.9","Axial Field Mapping"
"130_S_6043","M","78.9","Sagittal 3D Accelerated MPRAGE"
"130_S_6105","F","75.4","Axial Field Mapping"
"130_S_6105","F","75.4","Sagittal 3D Accelerated MPRAGE"
"130_S_6105","F","75.4","3 Plane Localizer"
"130_S_6105","F","75.4","3 Plane Localizer"
"130_S_6105","F","75.4","3 Plane Localizer"
"130_S_6111","F","72.6","Axial Field Mapping"
"130_S_6111","F","72.6","Sagittal 3D Accelerated MPRAGE"
"130_S_6111","F","72.6","3 Plane Localizer"
"130_S_6111","F","72.6","3 Plane Localizer"
"130_S_6111","F","72.6","3 Plane Localizer"
"130_S_6111","F","72.6","3 Plane Localizer"
"130_S_6111","F","72.6","3 Plane Localizer"
"130_S_6111","F","72.6","3 Plane Localizer"
"130_S_6137","F","81.2","Axial Field Mapping"
"130_S_6137","F","81.2","Sagittal 3D Accelerated MPRAGE"
"130_S_6137","F","81.2","3 Plane Localizer"
"130_S_6137","F","81.2","3 Plane Localizer"
"130_S_6137","F","81.2","3 Plane Localizer"
"130_S_6161","F","66.3","Axial Field Mapping"
"130_S_6161","F","66.3","Sagittal 3D Accelerated MPRAGE"
"130_S_6161","F","66.3","3 Plane Localizer"
"130_S_6161","F","66.3","3 Plane Localizer"
"130_S_6161","F","66.3","3 Plane Localizer"
"130_S_6319","M","68.1","Axial Field Mapping"
"130_S_6319","M","68.1","Sagittal 3D Accelerated MPRAGE"
"130_S_6319","M","68.1","3 Plane Localizer"
"130_S_6319","M","68.1","3 Plane Localizer"
"130_S_6319","M","68.1","3 Plane Localizer"
"130_S_6319","M","68.1","3 Plane Localizer"
"130_S_6319","M","68.1","3 Plane Localizer"
"130_S_6319","M","68.1","3 Plane Localizer"
"130_S_6319","M","68.1","3 Plane Localizer"
"130_S_6319","M","68.1","3 Plane Localizer"
"130_S_6319","M","68.1","3 Plane Localizer"
"130_S_6319","M","68.1","3 Plane Localizer"
"130_S_6319","M","68.1","3 Plane Localizer"
"130_S_6319","M","68.1","3 Plane Localizer"
"130_S_6319","M","68.1","3 Plane Localizer"
"130_S_6319","M","68.1","3 Plane Localizer"
"130_S_6319","M","68.1","3 Plane Localizer"
"130_S_6361","F","78.1","Axial Field Mapping"
"130_S_6361","F","78.1","Sagittal 3D Accelerated MPRAGE_REPEAT"
"130_S_6361","F","78.1","Sagittal 3D Accelerated MPRAGE"
"130_S_6361","F","78.1","3 Plane Localizer"
"130_S_6361","F","78.1","3 Plane Localizer"
"130_S_6361","F","78.1","3 Plane Localizer"
"130_S_6361","F","78.1","3 Plane Localizer"
"130_S_6361","F","78.1","3 Plane Localizer"
"130_S_6361","F","78.1","3 Plane Localizer"
"130_S_6372","M","83.7","Axial Field Mapping"
"130_S_6372","M","83.7","Sagittal 3D Accelerated MPRAGE"
"130_S_6372","M","83.7","3 Plane Localizer"
"130_S_6372","M","83.7","3 Plane Localizer"
"130_S_6372","M","83.7","3 Plane Localizer"
"130_S_6372","M","83.7","3 Plane Localizer"
"130_S_6372","M","83.7","3 Plane Localizer"
"130_S_6372","M","83.7","3 Plane Localizer"
"130_S_6388","F","78.0","Axial Field Mapping"
"130_S_6388","F","78.0","Sagittal 3D Accelerated MPRAGE"
"130_S_6388","F","78.0","3 Plane Localizer"
"130_S_6388","F","78.0","3 Plane Localizer"
"130_S_6388","F","78.0","3 Plane Localizer"
"130_S_6388","F","78.0","3 Plane Localizer"
"130_S_6388","F","78.0","3 Plane Localizer"
"130_S_6388","F","78.0","3 Plane Localizer"
"130_S_6390","F","69.0","Axial Field Mapping"
"130_S_6390","F","69.0","Sagittal 3D Accelerated MPRAGE"
"130_S_6390","F","69.0","3 Plane Localizer"
"130_S_6390","F","69.0","3 Plane Localizer"
"130_S_6390","F","69.0","3 Plane Localizer"
"130_S_6391","F","65.6","Axial Field Mapping"
"130_S_6391","F","65.6","Sagittal 3D Accelerated MPRAGE"
"130_S_6391","F","65.6","3 Plane Localizer"
"130_S_6391","F","65.6","3 Plane Localizer"
"130_S_6391","F","65.6","3 Plane Localizer"
"130_S_6469","F","70.7","Axial Field Mapping"
"130_S_6469","F","70.7","Sagittal 3D Accelerated MPRAGE"
"130_S_6469","F","70.7","3 Plane Localizer"
"130_S_6469","F","70.7","3 Plane Localizer"
"130_S_6469","F","70.7","3 Plane Localizer"
"130_S_6558","F","71.4","Axial Field Mapping"
"130_S_6558","F","71.4","Sagittal 3D Accelerated MPRAGE"
"130_S_6558","F","71.4","3 Plane Localizer"
"130_S_6558","F","71.4","3 Plane Localizer"
"130_S_6558","F","71.4","3 Plane Localizer"
"131_S_0123","M","73.4","B1-Calibration PA"
"131_S_0123","M","73.4","B1-Calibration Body"
"131_S_0123","M","73.4","3-plane localizer"
"131_S_0123","M","73.4","3-plane localizer"
"131_S_0123","M","73.4","3-plane localizer"
"131_S_0123","M","73.4","MP-RAGE REPEAT"
"131_S_0123","M","73.4","MP-RAGE"
"131_S_0319","F","70.3","B1-Calibration PA"
"131_S_0319","F","70.3","B1-Calibration Body"
"131_S_0319","F","70.3","3-plane localizer"
"131_S_0319","F","70.3","3-plane localizer"
"131_S_0319","F","70.3","3-plane localizer"
"131_S_0319","F","70.3","MP-RAGE REPEAT"
"131_S_0319","F","70.3","MP-RAGE"
"131_S_0436","M","85.2","B1-Calibration PA"
"131_S_0436","M","85.2","B1-Calibration Body"
"131_S_0436","M","85.2","3-plane localizer"
"131_S_0436","M","85.2","3-plane localizer"
"131_S_0436","M","85.2","3-plane localizer"
"131_S_0436","M","85.2","MP-RAGE REPEAT"
"131_S_0436","M","85.2","MP-RAGE"
"131_S_0441","F","72.8","B1-Calibration PA"
"131_S_0441","F","72.8","B1-Calibration Body"
"131_S_0441","F","72.8","3-plane localizer"
"131_S_0441","F","72.8","3-plane localizer"
"131_S_0441","F","72.8","3-plane localizer"
"131_S_0441","F","72.8","MP-RAGE REPEAT"
"131_S_0441","F","72.8","MP-RAGE"
"131_S_0441","F","72.9","3-plane localizer"
"131_S_0441","F","72.9","MP-RAGE"
"131_S_0441","F","72.9","MP-RAGE REPEAT"
"131_S_1301","F","72.2","B1-Calibration Body"
"131_S_1301","F","72.2","B1-Calibration PA"
"131_S_1301","F","72.2","3-plane localizer"
"131_S_1301","F","72.2","3-plane localizer"
"131_S_1301","F","72.2","3-plane localizer"
"131_S_1301","F","72.2","MP-RAGE REPEAT"
"131_S_1301","F","72.2","MP-RAGE"
"131_S_1301","F","72.4","MP-RAGE"
"131_S_1301","F","72.4","MP-RAGE REPEAT"
"131_S_6170","F","57.9","Axial Field Mapping"
"131_S_6170","F","57.9","Sagittal 3D Accelerated MPRAGE"
"131_S_6170","F","57.9","3 Plane Localizer"
"131_S_6170","F","57.9","3 Plane Localizer"
"131_S_6170","F","57.9","3 Plane Localizer"
"131_S_6170","F","57.9","3 Plane Localizer"
"131_S_6170","F","57.9","3 Plane Localizer"
"131_S_6170","F","57.9","3 Plane Localizer"
"131_S_6519","F","74.6","Axial Field Mapping"
"131_S_6519","F","74.6","Sagittal 3D Accelerated MPRAGE"
"131_S_6519","F","74.6","3 Plane Localizer"
"131_S_6519","F","74.6","3 Plane Localizer"
"131_S_6519","F","74.6","3 Plane Localizer"
"131_S_6692","M","75.7","Axial Field Mapping"
"131_S_6692","M","75.7","Sagittal 3D Accelerated MPRAGE"
"131_S_6692","M","75.7","3 Plane Localizer"
"131_S_6692","M","75.7","3 Plane Localizer"
"131_S_6692","M","75.7","3 Plane Localizer"
"133_S_0433","F","85.6","B1-Calibration PA"
"133_S_0433","F","85.6","B1-Calibration Body"
"133_S_0433","F","85.6","3-plane localizer"
"133_S_0433","F","85.6","3-plane localizer"
"133_S_0433","F","85.6","3-plane localizer"
"133_S_0433","F","85.6","MP-RAGE"
"133_S_0433","F","85.6","MP-RAGE REPEAT"
"133_S_0433","F","85.6","MPRAGE"
"133_S_0433","F","85.6","MPRAGE"
"133_S_0433","F","85.6","Circle Scout"
"133_S_0433","F","85.6","Circle Scout"
"133_S_0433","F","85.6","Circle Scout"
"133_S_0488","F","71.0","B1-Calibration PA"
"133_S_0488","F","71.0","B1-Calibration Body"
"133_S_0488","F","71.0","3-plane localizer"
"133_S_0488","F","71.0","3-plane localizer"
"133_S_0488","F","71.0","3-plane localizer"
"133_S_0488","F","71.0","MP-RAGE REPEAT"
"133_S_0488","F","71.0","MP-RAGE"
"133_S_0488","F","71.0","Axial PD-T2 TSE"
"133_S_0488","F","71.0","MPRAGE"
"133_S_0488","F","71.0","MPRAGE"
"133_S_0488","F","71.0","Circle Scout"
"133_S_0488","F","71.0","Circle Scout"
"133_S_0488","F","71.0","Circle Scout"
"133_S_0493","M","77.6","B1-Calibration Body"
"133_S_0493","M","77.6","B1-Calibration PA"
"133_S_0493","M","77.6","3-plane localizer"
"133_S_0493","M","77.6","3-plane localizer"
"133_S_0493","M","77.6","3-plane localizer"
"133_S_0493","M","77.6","MP-RAGE"
"133_S_0493","M","77.6","MP-RAGE REPEAT"
"133_S_0493","M","77.7","Axial PD-T2 TSE"
"133_S_0493","M","77.7","MPRAGE"
"133_S_0493","M","77.7","MPRAGE Repeat"
"133_S_0493","M","77.7","Circle Scout"
"133_S_0493","M","77.7","Circle Scout"
"133_S_0493","M","77.7","Circle Scout"
"133_S_0525","F","70.1","B1-Calibration PA"
"133_S_0525","F","70.1","B1-Calibration Body"
"133_S_0525","F","70.1","3-plane localizer"
"133_S_0525","F","70.1","3-plane localizer"
"133_S_0525","F","70.1","3-plane localizer"
"133_S_0525","F","70.1","Axial PD/T2 FSE"
"133_S_0525","F","70.1","MP-RAGE"
"133_S_0525","F","70.1","MP-RAGE REPEAT"
"133_S_0525","F","70.3","Axial PD-T2 TSE"
"133_S_0525","F","70.3","MPRAGE"
"133_S_0525","F","70.3","MPRAGE"
"133_S_0525","F","70.3","Circle Scout"
"133_S_0525","F","70.3","Circle Scout"
"133_S_0525","F","70.3","Circle Scout"
"135_S_6104","M","69.0","Calibration Scan"
"135_S_6104","M","69.0","3 Plane Localizer"
"135_S_6104","M","69.0","3 Plane Localizer"
"135_S_6104","M","69.0","3 Plane Localizer"
"135_S_6104","M","69.0","Accelerated Sag IR-FSPGR"
"135_S_6359","F","67.4","Calibration Scan"
"135_S_6359","F","67.4","3 Plane Localizer"
"135_S_6359","F","67.4","3 Plane Localizer"
"135_S_6359","F","67.4","3 Plane Localizer"
"135_S_6359","F","67.4","Accelerated Sag IR-FSPGR"
"135_S_6360","M","68.3","Calibration Scan"
"135_S_6360","M","68.3","3 Plane Localizer"
"135_S_6360","M","68.3","3 Plane Localizer"
"135_S_6360","M","68.3","3 Plane Localizer"
"135_S_6360","M","68.3","Accelerated Sag IR-FSPGR"
"135_S_6411","M","71.4","Calibration Scan"
"135_S_6411","M","71.4","3 Plane Localizer"
"135_S_6411","M","71.4","3 Plane Localizer"
"135_S_6411","M","71.4","3 Plane Localizer"
"135_S_6411","M","71.4","Accelerated Sag IR-FSPGR"
"135_S_6473","F","66.1","Calibration Scan"
"135_S_6473","F","66.1","3 Plane Localizer"
"135_S_6473","F","66.1","3 Plane Localizer"
"135_S_6473","F","66.1","3 Plane Localizer"
"135_S_6473","F","66.1","Accelerated Sag IR-FSPGR"
"135_S_6509","M","65.4","Calibration Scan"
"135_S_6509","M","65.4","3 Plane Localizer"
"135_S_6509","M","65.4","3 Plane Localizer"
"135_S_6509","M","65.4","3 Plane Localizer"
"135_S_6509","M","65.4","Accelerated Sag IR-FSPGR"
"135_S_6510","M","66.9","Calibration Scan"
"135_S_6510","M","66.9","3 Plane Localizer"
"135_S_6510","M","66.9","3 Plane Localizer"
"135_S_6510","M","66.9","3 Plane Localizer"
"135_S_6510","M","66.9","Accelerated Sag IR-FSPGR"
"136_S_0086","F","80.4","B1-Calibration PA"
"136_S_0086","F","80.4","B1-Calibration Body"
"136_S_0086","F","80.4","3-plane localizer"
"136_S_0086","F","80.4","3-plane localizer"
"136_S_0086","F","80.4","3-plane localizer"
"136_S_0086","F","80.4","MP-RAGE"
"136_S_0086","F","80.4","MP-RAGE Repeat"
"136_S_0086","F","80.5","MPRAGE 3dtf"
"136_S_0086","F","80.5","MPRAGE repe"
"136_S_0086","F","80.5","SURVEY"
"136_S_0086","F","80.5","SURVEY"
"136_S_0086","F","80.5","SURVEY"
"136_S_0184","F","78.4","B1-Calibration Body"
"136_S_0184","F","78.4","B1-Calibration PA"
"136_S_0184","F","78.4","3-plane localizer"
"136_S_0184","F","78.4","3-plane localizer"
"136_S_0184","F","78.4","3-plane localizer"
"136_S_0184","F","78.4","Axial PD/T2 FSE"
"136_S_0184","F","78.4","MP-RAGE REPEAT"
"136_S_0184","F","78.4","MP-RAGE"
"136_S_0184","F","78.5","MPRAGE repe"
"136_S_0184","F","78.5","MPRAGE 3dtf"
"136_S_0184","F","78.5","SURVEY"
"136_S_0184","F","78.5","SURVEY"
"136_S_0184","F","78.5","SURVEY"
"136_S_0186","F","80.5","B1-Calibration PA"
"136_S_0186","F","80.5","B1-Calibration Body"
"136_S_0186","F","80.5","3-plane localizer"
"136_S_0186","F","80.5","3-plane localizer"
"136_S_0186","F","80.5","3-plane localizer"
"136_S_0186","F","80.5","MP-RAGE REPEAT"
"136_S_0186","F","80.5","MP-RAGE"
"136_S_0196","F","78.1","B1-Calibration PA"
"136_S_0196","F","78.1","B1-Calibration Body"
"136_S_0196","F","78.1","3-plane localizer"
"136_S_0196","F","78.1","3-plane localizer"
"136_S_0196","F","78.1","3-plane localizer"
"136_S_0196","F","78.1","MP-RAGE"
"136_S_0196","F","78.1","MP-RAGE REPEAT"
"136_S_0196","F","78.1","MPRAGE 3dtf"
"136_S_0196","F","78.1","MPRAGE repe"
"136_S_0196","F","78.1","SURVEY"
"136_S_0196","F","78.1","SURVEY"
"136_S_0196","F","78.1","SURVEY"
"137_S_0283","M","78.5","3-plane localizer"
"137_S_0283","M","78.5","MP-RAGE"
"137_S_0283","M","78.5","MP-RAGE REPEAT"
"137_S_0301","F","73.6","3-plane localizer"
"137_S_0301","F","73.6","MP-RAGE REPEAT"
"137_S_0301","F","73.6","MP-RAGE"
"137_S_0459","M","73.0","3-plane localizer"
"137_S_0459","M","73.0","3-plane localizer"
"137_S_0459","M","73.0","MP-RAGE REPEAT"
"137_S_0459","M","73.0","MP-RAGE"
"137_S_0686","M","72.1","3-plane localizer"
"137_S_0686","M","72.1","3-plane localizer"
"137_S_0686","M","72.1","MP-RAGE"
"137_S_0686","M","72.1","MP-RAGE REPEAT"
"137_S_0686","M","72.1","MP-RAGE"
"137_S_0972","M","78.0","MP-RAGE REPEAT"
"137_S_0972","M","78.0","MP-RAGE"
"137_S_6060","F","69.4","Accelerated Sagittal MPRAGE"
"137_S_6060","F","69.4","Field Mapping"
"137_S_6060","F","69.4","3 Plane Localizer"
"137_S_6060","F","69.4","3 Plane Localizer"
"137_S_6060","F","69.4","3 Plane Localizer"
"137_S_6794","F","67.1","Accelerated Sagittal MPRAGE"
"137_S_6794","F","67.1","Field Mapping"
"137_S_6794","F","67.1","3 Plane Localizer"
"137_S_6794","F","67.1","3 Plane Localizer"
"137_S_6794","F","67.1","3 Plane Localizer"
"137_S_6826","M","67.9","Accelerated Sagittal MPRAGE"
"137_S_6826","M","67.9","Field Mapping"
"137_S_6826","M","67.9","3 Plane Localizer"
"137_S_6826","M","67.9","3 Plane Localizer"
"137_S_6826","M","67.9","3 Plane Localizer"
"141_S_0717","M","76.3","B1-calibration Body"
"141_S_0717","M","76.3","B1-calibration Head"
"141_S_0717","M","76.3","MPRAGE"
"141_S_0717","M","76.3","MPRAGE Repeat"
"141_S_0717","M","76.3","Localizer"
"141_S_0717","M","76.3","Localizer"
"141_S_0717","M","76.3","Localizer"
"141_S_0726","M","81.2","B1-calibration Body"
"141_S_0726","M","81.2","B1-calibration Head"
"141_S_0726","M","81.2","MPRAGE"
"141_S_0726","M","81.2","MPRAGE Repeat"
"141_S_0726","M","81.2","Localizer"
"141_S_0726","M","81.2","Localizer"
"141_S_0726","M","81.2","Localizer"
"141_S_0767","F","73.2","B1-calibration Body"
"141_S_0767","F","73.2","B1-calibration Head"
"141_S_0767","F","73.2","MPRAGE"
"141_S_0767","F","73.2","MPRAGE Repeat"
"141_S_0767","F","73.2","Localizer"
"141_S_0767","F","73.2","Localizer"
"141_S_0767","F","73.2","Localizer"
"141_S_0810","M","83.5","B1-calibration Head"
"141_S_0810","M","83.5","B1-calibration Body"
"141_S_0810","M","83.5","MPRAGE"
"141_S_0810","M","83.5","MPRAGE Repeat"
"141_S_0810","M","83.5","Localizer"
"141_S_0810","M","83.5","Localizer"
"141_S_0810","M","83.5","Localizer"
"141_S_1094","M","76.0","B1-calibration Head"
"141_S_1094","M","76.0","B1-calibration Body"
"141_S_1094","M","76.0","MPRAGE"
"141_S_1094","M","76.0","MPRAGE Repeat"
"141_S_6008","F","63.2","Accelerated Sagittal MPRAGE"
"141_S_6008","F","63.2","Field Mapping"
"141_S_6008","F","63.2","3 Plane Localizer"
"141_S_6008","F","63.2","3 Plane Localizer"
"141_S_6008","F","63.2","3 Plane Localizer"
"141_S_6015","M","68.3","Accelerated Sagittal MPRAGE"
"141_S_6015","M","68.3","Accelerated Sagittal MPRAGE_ND"
"141_S_6015","M","68.3","Field Mapping"
"141_S_6015","M","68.3","3 Plane Localizer"
"141_S_6015","M","68.3","3 Plane Localizer"
"141_S_6015","M","68.3","3 Plane Localizer"
"141_S_6042","F","61.2","Accelerated Sagittal MPRAGE_ND"
"141_S_6042","F","61.2","Accelerated Sagittal MPRAGE"
"141_S_6042","F","61.2","3 Plane Localizer"
"141_S_6042","F","61.2","3 Plane Localizer"
"141_S_6042","F","61.2","3 Plane Localizer"
"141_S_6042","F","61.2","Field Mapping"
"141_S_6061","F","74.0","Accelerated Sagittal MPRAGE_ND"
"141_S_6061","F","74.0","Accelerated Sagittal MPRAGE"
"141_S_6061","F","74.0","3 Plane Localizer"
"141_S_6061","F","74.0","3 Plane Localizer"
"141_S_6061","F","74.0","3 Plane Localizer"
"141_S_6116","F","69.6","3 Plane Localizer"
"141_S_6116","F","69.6","3 Plane Localizer"
"141_S_6116","F","69.6","3 Plane Localizer"
"141_S_6116","F","69.6","Accelerated Sagittal MPRAGE_ND"
"141_S_6116","F","69.6","Accelerated Sagittal MPRAGE"
"141_S_6116","F","69.6","Field Mapping"
"141_S_6178","F","66.1","3 Plane Localizer"
"141_S_6178","F","66.1","3 Plane Localizer"
"141_S_6178","F","66.1","3 Plane Localizer"
"141_S_6178","F","66.1","3 Plane Localizer"
"141_S_6178","F","66.1","3 Plane Localizer"
"141_S_6178","F","66.1","3 Plane Localizer"
"141_S_6178","F","66.1","Accelerated Sagittal MPRAGE_ND"
"141_S_6178","F","66.1","Field Mapping"
"141_S_6178","F","66.1","Accelerated Sagittal MPRAGE"
"141_S_6240","M","66.9","3 Plane Localizer"
"141_S_6240","M","66.9","3 Plane Localizer"
"141_S_6240","M","66.9","3 Plane Localizer"
"141_S_6240","M","66.9","Accelerated Sagittal MPRAGE"
"141_S_6240","M","66.9","Field Mapping"
"141_S_6240","M","66.9","Accelerated Sagittal MPRAGE_ND"
"141_S_6253","F","66.5","3 Plane Localizer"
"141_S_6253","F","66.5","3 Plane Localizer"
"141_S_6253","F","66.5","3 Plane Localizer"
"141_S_6253","F","66.5","Field Mapping"
"141_S_6253","F","66.5","Accelerated Sagittal MPRAGE"
"141_S_6253","F","66.5","Accelerated Sagittal MPRAGE_ND"
"141_S_6416","F","69.3","3 Plane Localizer"
"141_S_6416","F","69.3","3 Plane Localizer"
"141_S_6416","F","69.3","3 Plane Localizer"
"141_S_6416","F","69.3","Field Mapping"
"141_S_6416","F","69.3","Accelerated Sagittal MPRAGE"
"141_S_6423","M","80.7","Field Mapping"
"141_S_6423","M","80.7","Accelerated Sagittal MPRAGE"
"141_S_6423","M","80.7","Accelerated Sagittal MPRAGE_ND"
"141_S_6423","M","80.7","3 Plane Localizer"
"141_S_6423","M","80.7","3 Plane Localizer"
"141_S_6423","M","80.7","3 Plane Localizer"
"141_S_6589","F","67.0","3 Plane Localizer"
"141_S_6589","F","67.0","3 Plane Localizer"
"141_S_6589","F","67.0","3 Plane Localizer"
"141_S_6589","F","67.0","Field Mapping"
"141_S_6589","F","67.0","Accelerated Sagittal MPRAGE_ND"
"141_S_6589","F","67.0","Accelerated Sagittal MPRAGE"
"141_S_6872","F","66.4","Accelerated Sagittal MPRAGE"
"141_S_6872","F","66.4","Field Mapping"
"141_S_6872","F","66.4","3 Plane Localizer"
"141_S_6872","F","66.4","3 Plane Localizer"
"141_S_6872","F","66.4","3 Plane Localizer"
"141_S_6872","F","66.4","Accelerated Sagittal MPRAGE_ND"
"153_S_6237","F","61.2","Accelerated Sagittal MPRAGE"
"153_S_6237","F","61.2","Field Mapping"
"153_S_6237","F","61.2","3 Plane Localizer"
"153_S_6237","F","61.2","3 Plane Localizer"
"153_S_6237","F","61.2","3 Plane Localizer"
"168_S_6049","F","73.2","Accelerated Sagittal MPRAGE"
"168_S_6049","F","73.2","Field Mapping"
"168_S_6049","F","73.2","3 Plane Localizer"
"168_S_6049","F","73.2","3 Plane Localizer"
"168_S_6049","F","73.2","3 Plane Localizer"
"168_S_6049","F","73.2","3 Plane Localizer"
"168_S_6049","F","73.2","3 Plane Localizer"
"168_S_6049","F","73.2","3 Plane Localizer"
"168_S_6051","F","66.3","Accelerated Sagittal MPRAGE"
"168_S_6051","F","66.3","Field Mapping"
"168_S_6051","F","66.3","3 Plane Localizer"
"168_S_6051","F","66.3","3 Plane Localizer"
"168_S_6051","F","66.3","3 Plane Localizer"
"168_S_6051","F","66.3","3 Plane Localizer"
"168_S_6051","F","66.3","3 Plane Localizer"
"168_S_6051","F","66.3","3 Plane Localizer"
"168_S_6059","F","64.9","Accelerated Sagittal MPRAGE"
"168_S_6059","F","64.9","Field Mapping"
"168_S_6059","F","64.9","3 Plane Localizer"
"168_S_6059","F","64.9","3 Plane Localizer"
"168_S_6059","F","64.9","3 Plane Localizer"
"168_S_6062","F","67.4","Accelerated Sagittal MPRAGE"
"168_S_6062","F","67.4","Field Mapping"
"168_S_6062","F","67.4","3 Plane Localizer"
"168_S_6062","F","67.4","3 Plane Localizer"
"168_S_6062","F","67.4","3 Plane Localizer"
"168_S_6064","F","69.1","Accelerated Sagittal MPRAGE"
"168_S_6064","F","69.1","Field Mapping"
"168_S_6064","F","69.1","3 Plane Localizer"
"168_S_6064","F","69.1","3 Plane Localizer"
"168_S_6064","F","69.1","3 Plane Localizer"
"168_S_6065","F","71.3","Accelerated Sagittal MPRAGE"
"168_S_6065","F","71.3","Field Mapping"
"168_S_6065","F","71.3","3 Plane Localizer"
"168_S_6065","F","71.3","3 Plane Localizer"
"168_S_6065","F","71.3","3 Plane Localizer"
"168_S_6085","F","55.8","Accelerated Sagittal MPRAGE"
"168_S_6085","F","55.8","Field Mapping"
"168_S_6085","F","55.8","3 Plane Localizer"
"168_S_6085","F","55.8","3 Plane Localizer"
"168_S_6085","F","55.8","3 Plane Localizer"
"168_S_6085","F","55.8","3 Plane Localizer"
"168_S_6085","F","55.8","3 Plane Localizer"
"168_S_6085","F","55.8","3 Plane Localizer"
"168_S_6086","F","69.6","Accelerated Sagittal MPRAGE"
"168_S_6086","F","69.6","Field Mapping"
"168_S_6086","F","69.6","3 Plane Localizer"
"168_S_6086","F","69.6","3 Plane Localizer"
"168_S_6086","F","69.6","3 Plane Localizer"
"168_S_6098","M","63.4","Accelerated Sagittal MPRAGE"
"168_S_6098","M","63.4","Field Mapping"
"168_S_6098","M","63.4","3 Plane Localizer"
"168_S_6098","M","63.4","3 Plane Localizer"
"168_S_6098","M","63.4","3 Plane Localizer"
"168_S_6107","F","65.1","AAHead_Scout"
"168_S_6107","F","65.1","AAHead_Scout_MPR_sag"
"168_S_6107","F","65.1","AAHead_Scout"
"168_S_6107","F","65.1","AAHead_Scout_MPR_sag"
"168_S_6107","F","65.1","AAHead_Scout_MPR_sag"
"168_S_6107","F","65.1","Accelerated Sagittal MPRAGE"
"168_S_6107","F","65.1","Field Mapping"
"168_S_6108","M","71.7","AAHead_Scout"
"168_S_6108","M","71.7","AAHead_Scout_MPR_sag"
"168_S_6108","M","71.7","AAHead_Scout_MPR_sag"
"168_S_6108","M","71.7","AAHead_Scout"
"168_S_6108","M","71.7","Accelerated Sagittal MPRAGE"
"168_S_6108","M","71.7","Field Mapping"
"168_S_6121","F","68.9","AAHead_Scout_MPR_sag"
"168_S_6121","F","68.9","AAHead_Scout"
"168_S_6121","F","68.9","Accelerated Sagittal MPRAGE"
"168_S_6121","F","68.9","Field Mapping"
"168_S_6128","F","69.6","AAHead_Scout_MPR_sag"
"168_S_6128","F","69.6","AAHead_Scout_MPR_sag"
"168_S_6128","F","69.6","AAHead_Scout"
"168_S_6128","F","69.6","Accelerated Sagittal MPRAGE"
"168_S_6128","F","69.6","Field Mapping"
"168_S_6131","F","68.3","AAHead_Scout"
"168_S_6131","F","68.3","AAHead_Scout_MPR_sag"
"168_S_6131","F","68.3","Accelerated Sagittal MPRAGE"
"168_S_6131","F","68.3","Field Mapping"
"168_S_6151","M","65.1","AAHead_Scout"
"168_S_6151","M","65.1","AAHead_Scout_MPR_sag"
"168_S_6151","M","65.1","Accelerated Sagittal MPRAGE"
"168_S_6151","M","65.1","Field Mapping"
"168_S_6233","F","76.4","AAHead_Scout_MPR_sag"
"168_S_6233","F","76.4","AAHead_Scout"
"168_S_6233","F","76.4","Accelerated Sagittal MPRAGE"
"168_S_6233","F","76.4","Field Mapping"
"168_S_6281","F","79.9","AAHead_Scout_MPR_sag"
"168_S_6281","F","79.9","AAHead_Scout_MPR_sag"
"168_S_6281","F","79.9","AAHead_Scout"
"168_S_6281","F","79.9","Accelerated Sagittal MPRAGE"
"168_S_6281","F","79.9","Field Mapping"
"168_S_6285","F","66.6","AAHead_Scout_MPR_sag"
"168_S_6285","F","66.6","AAHead_Scout"
"168_S_6285","F","66.6","Accelerated Sagittal MPRAGE"
"168_S_6285","F","66.6","Field Mapping"
"168_S_6318","F","69.5","AAHead_Scout"
"168_S_6318","F","69.5","AAHead_Scout_MPR_sag"
"168_S_6318","F","69.5","Accelerated Sagittal MPRAGE"
"168_S_6318","F","69.5","Field Mapping"
"168_S_6320","F","65.4","AAHead_Scout"
"168_S_6320","F","65.4","AAHead_Scout_MPR_sag"
"168_S_6320","F","65.4","Accelerated Sagittal MPRAGE"
"168_S_6320","F","65.4","Field Mapping"
"168_S_6321","M","72.8","AAHead_Scout_MPR_sag"
"168_S_6321","M","72.8","AAHead_Scout"
"168_S_6321","M","72.8","Accelerated Sagittal MPRAGE"
"168_S_6321","M","72.8","Field Mapping"
"168_S_6350","F","77.4","AAHead_Scout_MPR_sag"
"168_S_6350","F","77.4","AAHead_Scout_MPR_sag"
"168_S_6350","F","77.4","AAHead_Scout"
"168_S_6350","F","77.4","Accelerated Sagittal MPRAGE"
"168_S_6350","F","77.4","Field Mapping"
"168_S_6371","M","66.7","AAHead_Scout_MPR_sag"
"168_S_6371","M","66.7","AAHead_Scout"
"168_S_6371","M","66.7","Accelerated Sagittal MPRAGE"
"168_S_6371","M","66.7","Accelerated Sagittal MPRAGE"
"168_S_6371","M","66.7","Field Mapping"
"168_S_6413","F","78.3","AAHead_Scout_MPR_sag"
"168_S_6413","F","78.3","AAHead_Scout"
"168_S_6413","F","78.3","Accelerated Sagittal MPRAGE"
"168_S_6413","F","78.3","Field Mapping"
"168_S_6492","F","69.9","AAHead_Scout_MPR_sag"
"168_S_6492","F","69.9","AAHead_Scout"
"168_S_6492","F","69.9","Accelerated Sagittal MPRAGE"
"168_S_6492","F","69.9","Field Mapping"
"168_S_6561","M","68.3","AAHead_Scout_MPR_sag"
"168_S_6561","M","68.3","AAHead_Scout"
"168_S_6561","M","68.3","Accelerated Sagittal MPRAGE"
"168_S_6561","M","68.3","Accelerated Sagittal MPRAGE"
"168_S_6561","M","68.3","Field Mapping"
"177_S_6328","M","69.9","Axial Field Mapping"
"177_S_6328","M","69.9","Sagittal 3D Accelerated MPRAGE"
"177_S_6328","M","69.9","3 Plane Localizer"
"177_S_6328","M","69.9","3 Plane Localizer"
"177_S_6328","M","69.9","3 Plane Localizer"
"177_S_6328","M","69.9","3 Plane Localizer"
"177_S_6328","M","69.9","3 Plane Localizer"
"177_S_6328","M","69.9","3 Plane Localizer"
"177_S_6335","M","67.2","Axial Field Mapping"
"177_S_6335","M","67.2","Sagittal 3D Accelerated MPRAGE"
"177_S_6335","M","67.2","3 Plane Localizer"
"177_S_6335","M","67.2","3 Plane Localizer"
"177_S_6335","M","67.2","3 Plane Localizer"
"177_S_6335","M","67.2","3 Plane Localizer"
"177_S_6335","M","67.2","3 Plane Localizer"
"177_S_6335","M","67.2","3 Plane Localizer"
"177_S_6408","F","59.5","Axial Field Mapping"
"177_S_6408","F","59.5","Sagittal 3D Accelerated MPRAGE"
"177_S_6408","F","59.5","3 Plane Localizer"
"177_S_6408","F","59.5","3 Plane Localizer"
"177_S_6408","F","59.5","3 Plane Localizer"
"177_S_6409","F","58.3","Axial Field Mapping"
"177_S_6409","F","58.3","Sagittal 3D Accelerated MPRAGE"
"177_S_6409","F","58.3","3 Plane Localizer"
"177_S_6409","F","58.3","3 Plane Localizer"
"177_S_6409","F","58.3","3 Plane Localizer"
"177_S_6420","F","71.8","Axial Field Mapping"
"177_S_6420","F","71.8","Sagittal 3D Accelerated MPRAGE"
"177_S_6420","F","71.8","3 Plane Localizer"
"177_S_6420","F","71.8","3 Plane Localizer"
"177_S_6420","F","71.8","3 Plane Localizer"
"177_S_6448","M","67.8","Axial Field Mapping"
"177_S_6448","M","67.8","Sagittal 3D Accelerated MPRAGE"
"177_S_6448","M","67.8","3 Plane Localizer"
"177_S_6448","M","67.8","3 Plane Localizer"
"177_S_6448","M","67.8","3 Plane Localizer"
"301_S_6224","F","75.9","Axial Field Mapping"
"301_S_6224","F","75.9","Sagittal 3D Accelerated MPRAGE"
"301_S_6224","F","75.9","VWIP Coronal 3D Accelerated MPRAGE"
"301_S_6224","F","75.9","3 Plane Localizer"
"301_S_6224","F","75.9","3 Plane Localizer"
"301_S_6224","F","75.9","3 Plane Localizer"
"301_S_6326","M","75.8","Axial Field Mapping"
"301_S_6326","M","75.8","Sagittal 3D Accelerated MPRAGE"
"301_S_6326","M","75.8","3 Plane Localizer"
"301_S_6326","M","75.8","3 Plane Localizer"
"301_S_6326","M","75.8","3 Plane Localizer"
"301_S_6501","F","74.4","Axial Field Mapping"
"301_S_6501","F","74.4","Sagittal 3D Accelerated MPRAGE"
"301_S_6501","F","74.4","3 Plane Localizer"
"301_S_6501","F","74.4","3 Plane Localizer"
"301_S_6501","F","74.4","3 Plane Localizer"
"305_S_6157","F","67.8","Axial Field Mapping"
"305_S_6157","F","67.8","Sagittal 3D Accelerated MPRAGE"
"305_S_6157","F","67.8","3 Plane Localizer"
"305_S_6188","F","65.6","Axial Field Mapping"
"305_S_6188","F","65.6","Sagittal 3D Accelerated MPRAGE"
"305_S_6188","F","65.6","3 Plane Localizer"
"305_S_6313","F","59.1","Axial Field Mapping"
"305_S_6313","F","59.1","Sagittal 3D Accelerated MPRAGE"
"305_S_6313","F","59.1","3 Plane Localizer"
"305_S_6438","F","71.7","Axial Field Mapping"
"305_S_6438","F","71.7","Sagittal 3D Accelerated MPRAGE"
"305_S_6438","F","71.7","3 Plane Localizer"
"305_S_6438","F","71.7","3 Plane Localizer"
"341_S_6494","M","66.4","Accelerated Sagittal MPRAGE"
"341_S_6494","M","66.4","Field Mapping"
"341_S_6494","M","66.4","3 Plane Localizer"
"341_S_6494","M","66.4","3 Plane Localizer"
"341_S_6494","M","66.4","3 Plane Localizer"
"341_S_6653","M","68.2","Accelerated Sagittal MPRAGE"
"341_S_6653","M","68.2","Field Mapping"
"341_S_6653","M","68.2","3 Plane Localizer"
"341_S_6653","M","68.2","3 Plane Localizer"
"341_S_6653","M","68.2","3 Plane Localizer"
"341_S_6653","M","68.2","3 Plane Localizer"
"341_S_6653","M","68.2","3 Plane Localizer"
"341_S_6653","M","68.2","3 Plane Localizer"
"941_S_1194","M","84.9","B1-calibration Head"
"941_S_1194","M","84.9","B1-calibration Body"
"941_S_1194","M","84.9","MPRAGE Repeat"
"941_S_1194","M","84.9","MPRAGE"
"941_S_1194","M","84.9","MPRAGE Repeat"
"941_S_1194","M","84.9","Localizer"
"941_S_1194","M","84.9","Localizer"
"941_S_1194","M","84.9","Localizer"
"941_S_1195","M","77.1","B1-calibration Head"
"941_S_1195","M","77.1","B1-calibration Body"
"941_S_1195","M","77.1","MPRAGE Repeat"
"941_S_1195","M","77.1","MPRAGE"
"941_S_1197","F","82.5","B1-calibration Body"
"941_S_1197","F","82.5","B1-calibration Head"
"941_S_1197","F","82.5","MPRAGE Repeat"
"941_S_1197","F","82.5","MPRAGE"
"941_S_1197","F","82.5","Localizer"
"941_S_1197","F","82.5","Localizer"
"941_S_1197","F","82.5","Localizer"
"941_S_1202","M","77.6","B1-calibration Head"
"941_S_1202","M","77.6","B1-calibration Body"
"941_S_1202","M","77.6","MPRAGE"
"941_S_1202","M","77.6","MPRAGE Repeat"
"941_S_1202","M","77.6","Localizer"
"941_S_1202","M","77.6","Localizer"
"941_S_1202","M","77.6","Localizer"
"941_S_1203","M","83.4","B1-calibration Head"
"941_S_1203","M","83.4","B1-calibration Body"
"941_S_1203","M","83.4","MPRAGE"
"941_S_1203","M","83.4","MPRAGE Repeat"
"941_S_1203","M","83.4","Localizer"
"941_S_1203","M","83.4","Localizer"
"941_S_1203","M","83.4","Localizer"
"941_S_6044","F","75.1","Accelerated Sagittal MPRAGE"
"941_S_6044","F","75.1","Field Mapping"
"941_S_6044","F","75.1","3 Plane Localizer"
"941_S_6044","F","75.1","3 Plane Localizer"
"941_S_6044","F","75.1","3 Plane Localizer"
"941_S_6044","F","75.1","Accelerated Sagittal MPRAGE"
"941_S_6044","F","75.1","Field Mapping"
"941_S_6044","F","75.1","3 Plane Localizer"
"941_S_6044","F","75.1","3 Plane Localizer"
"941_S_6044","F","75.1","3 Plane Localizer"
"941_S_6054","F","78.7","Accelerated Sagittal MPRAGE"
"941_S_6054","F","78.7","Field Mapping"
"941_S_6054","F","78.7","3 Plane Localizer"
"941_S_6054","F","78.7","3 Plane Localizer"
"941_S_6054","F","78.7","3 Plane Localizer"
"941_S_6054","F","78.7","3 Plane Localizer"
"941_S_6054","F","78.7","3 Plane Localizer"
"941_S_6054","F","78.7","3 Plane Localizer"
"941_S_6058","F","68.3","Accelerated Sagittal MPRAGE"
"941_S_6058","F","68.3","Field Mapping"
"941_S_6058","F","68.3","3 Plane Localizer"
"941_S_6058","F","68.3","3 Plane Localizer"
"941_S_6058","F","68.3","3 Plane Localizer"
"941_S_6080","F","76.8","Accelerated Sagittal MPRAGE"
"941_S_6080","F","76.8","Field Mapping"
"941_S_6080","F","76.8","3 Plane Localizer"
"941_S_6080","F","76.8","3 Plane Localizer"
"941_S_6080","F","76.8","3 Plane Localizer"
"941_S_6094","F","69.6","Accelerated Sagittal MPRAGE"
"941_S_6094","F","69.6","Field Mapping"
"941_S_6094","F","69.6","3 Plane Localizer"
"941_S_6094","F","69.6","3 Plane Localizer"
"941_S_6094","F","69.6","3 Plane Localizer"
"941_S_6254","M","68.7","Accelerated Sagittal MPRAGE"
"941_S_6254","M","68.7","Field Mapping"
"941_S_6254","M","68.7","3 Plane Localizer"
"941_S_6254","M","68.7","3 Plane Localizer"
"941_S_6254","M","68.7","3 Plane Localizer"
"941_S_6333","M","77.9","Accelerated Sagittal MPRAGE"
"941_S_6333","M","77.9","Field Mapping"
"941_S_6333","M","77.9","3 Plane Localizer"
"941_S_6333","M","77.9","3 Plane Localizer"
"941_S_6333","M","77.9","3 Plane Localizer"
"941_S_6384","M","70.2","Accelerated Sagittal MPRAGE"
"941_S_6384","M","70.2","Field Mapping"
"941_S_6384","M","70.2","3 Plane Localizer"
"941_S_6384","M","70.2","3 Plane Localizer"
"941_S_6384","M","70.2","3 Plane Localizer"
"941_S_6422","F","65.9","Accelerated Sagittal MPRAGE"
"941_S_6422","F","65.9","Field Mapping"
"941_S_6422","F","65.9","3 Plane Localizer"
"941_S_6422","F","65.9","3 Plane Localizer"
"941_S_6422","F","65.9","3 Plane Localizer"
"941_S_6454","F","72.3","Accelerated Sagittal MPRAGE"
"941_S_6454","F","72.3","Field Mapping"
"941_S_6454","F","72.3","3 Plane Localizer"
"941_S_6454","F","72.3","3 Plane Localizer"
"941_S_6454","F","72.3","3 Plane Localizer"
"941_S_6471","M","71.8","Accelerated Sagittal MPRAGE"
"941_S_6471","M","71.8","Field Mapping"
"941_S_6471","M","71.8","3 Plane Localizer"
"941_S_6471","M","71.8","3 Plane Localizer"
"941_S_6471","M","71.8","3 Plane Localizer"
"941_S_6495","F","83.4","Accelerated Sagittal MPRAGE"
"941_S_6495","F","83.4","Field Mapping"
"941_S_6495","F","83.4","3 Plane Localizer"
"941_S_6495","F","83.4","3 Plane Localizer"
"941_S_6495","F","83.4","3 Plane Localizer"
"941_S_6496","M","84.6","Accelerated Sagittal MPRAGE"
"941_S_6496","M","84.6","Field Mapping"
"941_S_6496","M","84.6","3 Plane Localizer"
"941_S_6496","M","84.6","3 Plane Localizer"
"941_S_6496","M","84.6","3 Plane Localizer"
"941_S_6496","M","84.6","3 Plane Localizer"
"941_S_6496","M","84.6","3 Plane Localizer"
"941_S_6496","M","84.6","3 Plane Localizer"
"941_S_6499","F","69.5","Accelerated Sagittal MPRAGE"
"941_S_6499","F","69.5","Field Mapping"
"941_S_6499","F","69.5","3 Plane Localizer"
"941_S_6499","F","69.5","3 Plane Localizer"
"941_S_6499","F","69.5","3 Plane Localizer"
"941_S_6514","F","74.2","Accelerated Sagittal MPRAGE"
"941_S_6514","F","74.2","Field Mapping"
"941_S_6514","F","74.2","3 Plane Localizer"
"941_S_6514","F","74.2","3 Plane Localizer"
"941_S_6514","F","74.2","3 Plane Localizer"
"941_S_6546","F","80.4","Accelerated Sagittal MPRAGE"
"941_S_6546","F","80.4","Field Mapping"
"941_S_6546","F","80.4","3 Plane Localizer"
"941_S_6546","F","80.4","3 Plane Localizer"
"941_S_6546","F","80.4","3 Plane Localizer"
"941_S_6570","M","71.2","Accelerated Sagittal MPRAGE"
"941_S_6570","M","71.2","Field Mapping"
"941_S_6570","M","71.2","3 Plane Localizer"
"941_S_6570","M","71.2","3 Plane Localizer"
"941_S_6570","M","71.2","3 Plane Localizer"
"941_S_6574","F","73.5","3D MPRAGE"
"941_S_6574","F","73.5","Accelerated Sagittal MPRAGE"
"941_S_6574","F","73.5","Field Mapping"
"941_S_6574","F","73.5","localizer"
"941_S_6574","F","73.5","localizer"
"941_S_6574","F","73.5","localizer"
"941_S_6574","F","73.5","3 Plane Localizer"
"941_S_6574","F","73.5","3 Plane Localizer"
"941_S_6574","F","73.5","3 Plane Localizer"
"941_S_6575","M","73.5","Accelerated Sagittal MPRAGE"
"941_S_6575","M","73.5","Field Mapping"
"941_S_6575","M","73.5","3 Plane Localizer"
"941_S_6575","M","73.5","3 Plane Localizer"
"941_S_6575","M","73.5","3 Plane Localizer"
"941_S_6580","F","79.9","Accelerated Sagittal MPRAGE"
"941_S_6580","F","79.9","Field Mapping"
"941_S_6580","F","79.9","3 Plane Localizer"
"941_S_6580","F","79.9","3 Plane Localizer"
"941_S_6580","F","79.9","3 Plane Localizer"
"941_S_6581","F","74.4","Accelerated Sagittal MPRAGE"
"941_S_6581","F","74.4","Field Mapping"
"941_S_6581","F","74.4","3 Plane Localizer"
"941_S_6581","F","74.4","3 Plane Localizer"
"941_S_6581","F","74.4","3 Plane Localizer"
"941_S_6607","M","82.8","Accelerated Sagittal MPRAGE"
"941_S_6607","M","82.8","Field Mapping"
"941_S_6607","M","82.8","3 Plane Localizer"
"941_S_6607","M","82.8","3 Plane Localizer"
"941_S_6607","M","82.8","3 Plane Localizer"
"941_S_6998","M","57.1","Accelerated Sagittal MPRAGE"
"941_S_6998","M","57.1","Field Mapping"
"941_S_6998","M","57.1","3 Plane Localizer"
"941_S_6998","M","57.1","3 Plane Localizer"
"941_S_6998","M","57.1","3 Plane Localizer"
"941_S_7046","F","71.2","Accelerated Sagittal MPRAGE"
"941_S_7046","F","71.2","Field Mapping"
"941_S_7051","M","63.7","Accelerated Sagittal MPRAGE"
"941_S_7051","M","63.7","Field Mapping"
"941_S_7074","M","70.9","Accelerated Sagittal MPRAGE"
"941_S_7074","M","70.9","Field Mapping"
"941_S_7087","M","66.9","Accelerated Sagittal MPRAGE"
"941_S_7087","M","66.9","Field Mapping"
